,1995,1996,1997,1998,1999,2000,2001,2002,2003,2004,2005,2006,2007,2008,2009,2010,2011,2012,2013,2014,2015,2016,2017,2018,2019,2020,2021,2022,2023,2024
1,4.7,0.94,2.72,2.49,3.48,3.11,0.2,3.16,2.36,3.7,2.51,1.91,5.09,1.99,1.04,2.44,0.76,4.61,3.44,1.81,3.33,5.37,3.06,1.28,4.06,3.78,3.93,4.7,2.34,5.61
2,4.64,0.89,2.66,2.37,2.87,3.13,0.2,2.94,2.32,3.71,2.51,1.96,5.13,1.92,1.04,2.25,0.58,4.39,3.23,1.38,3.31,5.24,3.05,1.23,4.06,3.77,3.83,4.66,2.32,5.51
3,4.58,0.86,2.61,2.29,2.56,3.07,0.2,2.89,2.21,3.72,2.71,2.13,5.13,1.64,0.83,2.1,1.35,4.17,3.05,0.76,3.26,5.11,3.01,0.99,4.07,3.73,3.79,4.65,2.33,5.34
4,4.51,0.49,2.58,2.23,2.33,3.0,0.2,2.7,2.15,3.73,2.67,2.14,5.11,1.65,0.83,1.91,0.83,4.05,2.98,0.64,3.28,4.87,2.95,0.61,4.06,3.66,3.73,4.63,2.33,5.25
5,4.28,0.37,2.55,2.19,2.15,2.89,0.2,2.58,2.02,3.75,2.61,2.16,5.08,1.68,0.79,0.8,1.25,4.03,2.94,0.93,3.01,4.7,2.82,0.41,4.0,3.59,3.66,4.5,2.35,5.17
6,4.09,0.22,2.52,2.14,1.77,2.79,0.2,2.48,1.93,3.21,2.74,2.09,5.0,1.69,0.76,0.78,1.06,4.01,2.92,0.85,2.67,4.63,2.41,0.2,3.97,3.56,3.56,4.17,2.35,5.12
7,3.89,0.22,2.49,2.12,1.54,2.7,0.2,2.29,1.76,3.14,2.6,2.05,4.94,1.74,0.78,0.66,0.91,3.96,2.9,0.47,2.35,4.62,2.17,0.2,3.92,3.51,3.51,3.79,2.26,5.03
8,3.73,0.22,2.49,2.09,1.4,2.67,0.2,2.1,1.71,3.09,2.55,2.03,4.88,1.78,0.65,0.65,0.83,3.82,2.87,0.32,1.74,4.63,1.89,0.36,3.82,3.42,3.45,3.64,2.17,4.9
9,3.38,0.22,2.47,2.15,0.2,2.43,0.2,2.14,1.67,2.75,2.5,2.05,4.78,1.81,0.59,1.11,0.6,3.88,2.94,0.24,1.38,4.62,1.74,0.37,3.65,3.34,3.41,3.58,2.1,4.68
10,2.7,0.22,2.46,2.21,0.2,2.43,0.2,2.32,1.22,2.81,2.47,2.11,4.66,1.78,0.59,1.07,0.63,3.95,2.97,0.24,0.82,4.57,1.41,0.39,3.42,3.34,3.38,3.5,2.08,4.41
11,2.31,0.22,1.82,2.25,0.2,2.43,0.2,2.52,1.1,3.35,2.38,2.18,4.55,2.26,0.49,1.04,0.64,3.98,3.01,0.23,0.62,4.46,1.42,0.2,3.22,3.34,3.31,3.09,2.06,4.2
12,2.03,0.21,1.48,2.24,0.2,2.4,0.2,2.54,1.02,3.75,2.29,2.3,4.42,2.22,0.49,0.2,0.59,3.92,3.01,0.24,0.56,4.21,1.52,0.49,3.05,3.33,3.19,2.89,2.05,4.0
13,1.81,0.2,1.29,2.22,0.2,2.31,0.2,2.28,0.96,3.1,2.29,2.24,4.19,2.18,0.2,0.49,0.58,3.77,2.98,0.35,0.3,3.93,1.61,0.29,3.12,3.34,3.09,2.64,2.06,3.93
14,1.67,0.2,1.17,2.18,0.2,2.21,0.2,2.2,0.2,3.12,2.01,2.07,3.91,2.17,0.2,0.2,0.47,3.49,2.92,0.37,0.28,3.66,1.55,0.24,3.01,3.34,3.02,2.49,2.02,3.76
15,1.57,0.2,0.2,2.16,0.34,2.1,0.2,2.09,0.2,3.34,1.96,1.95,3.67,2.18,0.2,0.2,0.2,3.23,2.81,0.37,0.28,3.46,1.64,0.22,2.81,3.31,2.99,2.25,1.92,3.36
16,1.52,0.2,0.2,2.14,0.2,1.98,0.2,1.99,0.2,1.68,1.93,2.01,3.52,2.17,0.2,0.2,0.47,3.06,2.78,0.36,0.2,3.11,1.27,0.21,2.59,3.27,2.95,2.08,1.91,3.02
17,1.48,0.2,0.2,2.09,0.2,1.9,0.2,1.9,0.2,1.7,1.89,1.92,3.41,2.14,0.2,0.2,0.2,3.14,2.69,0.31,0.2,2.81,1.29,0.23,2.22,3.16,2.9,2.11,2.06,2.65
18,1.44,0.2,0.2,2.04,0.2,1.82,0.2,1.76,0.2,1.73,1.06,1.89,3.35,2.04,0.2,0.2,0.37,3.15,2.56,0.3,0.2,2.38,1.57,0.25,2.13,2.98,2.79,1.99,2.12,2.49
19,1.42,0.2,0.2,2.0,0.2,1.49,0.2,1.68,0.2,1.83,1.02,1.85,2.4,1.96,0.2,0.2,0.37,3.08,2.42,0.2,0.26,1.97,1.62,0.2,1.76,2.75,2.68,1.77,2.15,2.06
20,1.41,0.2,0.2,1.96,0.2,1.3,0.2,1.59,0.2,0.21,0.95,1.79,2.35,1.78,0.2,0.2,0.33,2.88,2.19,0.2,0.26,1.8,1.77,0.2,1.5,2.53,2.61,1.46,2.16,1.91
21,1.4,0.2,0.2,1.94,0.2,1.17,0.2,1.43,0.2,0.21,0.2,1.72,2.26,0.72,0.2,0.2,0.36,2.39,2.03,0.2,0.24,1.6,1.83,0.2,1.32,2.43,2.58,1.25,2.12,1.87
22,1.4,0.2,0.2,1.91,0.2,0.74,0.2,1.3,0.2,0.22,0.2,1.74,2.19,0.67,0.2,0.2,0.32,2.38,1.62,0.2,0.24,1.47,1.85,0.21,1.16,2.35,2.54,1.3,2.11,1.58
23,1.39,0.2,0.2,1.9,0.2,0.58,0.2,1.28,0.2,0.2,0.2,1.89,2.07,0.54,0.2,0.2,0.26,2.45,1.15,0.2,0.22,1.45,1.76,0.21,1.17,2.4,2.38,1.11,2.08,1.57
24,1.39,0.2,0.2,1.86,0.2,0.52,0.2,1.36,0.2,0.2,0.2,1.84,1.98,0.44,0.2,0.2,0.2,2.4,1.11,0.2,0.23,1.38,1.68,0.2,1.34,2.51,2.06,0.95,2.08,1.42
25,1.38,0.2,0.2,1.83,0.2,0.49,0.2,1.44,0.2,0.2,0.2,1.74,1.96,0.41,0.2,0.2,0.2,2.3,0.92,0.2,0.31,1.47,1.6,0.2,1.03,2.33,2.01,0.79,2.05,1.46
26,1.37,0.2,0.2,1.8,0.2,0.2,0.2,1.58,0.2,0.2,0.2,1.65,1.47,0.4,0.2,0.2,0.2,1.21,0.84,0.2,0.32,1.41,1.55,0.43,0.74,2.21,2.0,0.62,1.94,1.51
27,1.36,0.2,0.2,1.77,0.2,0.2,0.2,1.72,0.2,0.2,0.2,1.62,1.4,0.36,0.2,0.2,0.2,2.15,0.98,0.2,0.2,1.4,1.49,0.45,0.71,2.19,1.95,0.59,1.8,1.55
28,1.36,0.2,0.2,1.67,0.2,0.2,0.2,1.76,0.2,0.2,0.2,1.67,1.31,0.2,0.2,0.2,0.2,2.13,0.94,0.2,0.2,1.45,1.4,0.46,0.46,2.16,1.86,0.54,1.69,1.62
29,1.36,0.2,0.2,1.63,0.2,0.2,0.2,1.65,0.2,0.2,0.2,1.7,1.28,0.2,0.2,0.2,0.2,2.12,1.15,0.2,0.2,1.35,1.36,0.41,0.46,2.13,1.74,0.4,1.61,1.83
30,1.36,0.2,0.2,1.6,0.2,0.2,0.2,1.55,0.2,0.2,0.2,1.7,0.64,0.2,0.2,0.2,0.2,2.13,1.09,0.2,0.2,1.28,1.32,0.37,0.3,2.08,1.46,0.32,1.51,1.84
31,0.2,0.2,0.2,1.48,0.2,0.2,0.2,1.49,0.2,0.2,0.2,1.71,0.63,0.2,0.2,0.2,0.2,2.07,1.27,0.2,0.2,1.47,1.34,0.21,0.23,2.05,1.44,0.2,1.35,1.81
32,0.2,0.2,0.2,1.03,0.2,0.2,0.2,1.44,0.2,0.2,0.2,1.74,0.62,0.2,0.2,0.2,0.2,2.11,1.23,0.2,0.2,1.7,1.35,0.37,0.2,2.06,1.43,0.2,1.35,1.78
33,0.2,0.2,0.2,0.89,0.35,0.2,0.2,1.37,0.2,0.2,0.2,2.0,0.2,0.2,0.2,0.2,0.2,2.23,1.19,0.2,0.2,1.75,1.31,0.41,0.2,2.13,1.39,0.29,1.24,1.92
34,0.2,0.2,0.2,0.88,0.36,0.2,0.2,1.31,0.2,0.2,0.2,1.6,0.2,0.2,0.2,0.2,0.2,2.25,1.13,0.2,0.2,1.91,1.19,0.43,0.32,2.15,1.39,0.37,1.26,1.99
35,0.2,0.2,0.2,0.92,0.37,0.2,0.2,1.24,0.2,0.2,0.2,1.58,0.2,0.2,0.2,0.2,0.2,2.3,1.03,0.2,0.2,1.91,0.99,0.2,0.25,2.11,1.35,0.25,0.92,2.01
36,0.2,0.2,0.2,1.0,0.38,0.2,0.2,1.17,0.2,0.2,0.2,1.54,0.2,0.2,0.2,0.2,0.2,2.29,0.39,0.2,0.2,1.79,0.96,0.2,0.2,2.02,1.35,0.2,0.83,2.05
37,1.3,0.2,0.2,1.28,0.39,0.2,0.2,1.11,0.2,0.2,0.2,1.54,0.2,0.2,0.2,0.2,0.2,2.36,0.4,0.2,0.2,1.75,0.85,0.2,0.3,1.96,1.11,0.2,0.97,2.16
38,0.2,0.2,0.18,1.33,0.42,0.2,0.2,1.11,0.2,0.2,0.23,1.16,0.2,0.2,0.2,0.2,0.2,2.37,0.36,0.2,0.2,1.74,0.81,0.2,0.28,1.87,0.91,0.27,0.99,2.22
39,0.2,0.2,0.2,1.28,0.45,0.2,0.2,1.11,0.2,0.2,0.2,1.1,0.2,0.2,0.2,0.2,0.2,2.23,0.43,0.2,0.2,1.74,0.74,0.2,0.27,1.76,0.83,0.29,1.11,2.23
40,0.2,0.2,0.2,1.15,0.47,0.2,0.2,1.18,0.2,0.2,0.2,1.08,0.2,0.2,0.2,0.2,0.2,2.12,0.37,0.2,0.2,1.72,1.08,0.2,0.2,1.7,0.32,0.28,1.19,2.24
41,0.2,0.2,0.2,1.04,0.57,0.2,0.2,1.03,0.2,0.2,0.2,1.01,0.2,0.2,0.2,0.2,0.2,2.06,0.28,0.2,0.2,1.65,1.14,0.2,0.2,1.67,0.38,0.26,1.33,2.26
42,0.2,0.2,0.2,0.91,0.6,0.2,0.2,0.9,0.2,0.2,0.2,0.96,0.2,0.2,0.2,0.2,0.2,1.94,0.34,0.2,0.2,1.53,1.17,0.2,0.2,1.65,0.38,0.25,1.6,2.29
43,0.2,0.2,0.2,0.82,0.61,0.2,0.2,0.85,0.2,0.2,0.2,0.89,0.2,0.2,0.2,0.2,0.2,1.77,0.44,0.2,0.2,1.46,1.13,0.2,0.2,1.59,0.41,0.31,1.67,2.25
44,0.2,0.2,0.2,0.79,0.47,0.2,0.2,0.8,0.2,0.2,0.2,0.82,0.2,0.2,0.2,0.2,0.2,1.5,0.41,0.2,0.2,0.85,1.02,0.2,0.2,1.5,0.39,0.24,1.65,2.24
45,0.2,0.2,0.2,0.77,0.47,0.2,0.2,0.81,0.2,0.2,0.2,0.8,0.2,0.2,0.2,0.2,0.2,1.46,0.43,0.2,0.2,0.44,1.08,0.2,0.2,1.45,0.35,0.2,1.66,2.22
46,0.2,0.2,0.2,0.88,0.47,0.2,0.2,0.79,0.2,0.2,0.2,0.77,0.2,0.2,0.2,0.2,0.27,1.45,0.37,0.2,0.2,0.3,1.17,0.2,0.2,1.38,0.32,0.2,1.72,2.16
47,0.2,0.2,0.2,1.0,0.48,0.2,0.2,0.81,0.2,0.2,0.2,0.93,0.2,0.2,0.2,0.2,0.3,1.58,0.37,0.2,0.2,0.42,1.33,0.2,0.2,1.38,0.31,0.2,1.67,2.13
48,0.2,0.2,0.2,1.09,0.48,0.2,0.2,0.83,0.2,0.2,0.2,0.64,0.2,0.2,0.2,0.2,0.2,1.62,0.28,0.2,0.2,0.44,1.48,0.2,0.2,1.34,0.29,0.2,1.61,2.04
49,0.2,0.2,0.2,1.29,0.48,0.2,0.2,0.84,0.2,0.2,0.2,0.63,0.2,0.2,0.2,0.2,0.2,1.64,0.29,0.2,0.2,0.38,1.67,0.2,0.2,1.37,0.27,0.2,1.56,1.94
50,0.2,0.2,0.2,1.48,0.48,0.2,0.2,0.84,0.2,0.2,0.2,0.61,0.2,0.2,0.2,0.2,0.42,1.6,0.28,0.2,0.2,0.54,1.83,0.38,0.2,1.37,0.28,0.2,1.58,1.85
51,0.2,0.2,0.2,1.65,0.2,0.2,0.2,0.86,0.2,0.2,0.2,0.6,0.2,0.2,0.2,0.2,0.44,1.52,0.29,0.2,0.2,0.66,1.79,0.4,0.2,1.34,0.26,0.2,1.59,2.0
52,0.2,0.2,0.2,1.72,0.2,0.2,0.2,0.91,0.2,0.2,0.2,0.45,0.2,0.2,0.2,0.2,0.43,1.54,0.29,0.24,0.2,0.65,1.85,0.44,0.2,1.26,0.27,0.2,1.62,2.05
53,0.2,0.2,0.2,1.78,0.2,0.2,0.2,0.91,0.2,0.2,0.2,0.46,0.2,0.2,0.2,0.2,0.4,1.58,0.2,0.23,0.2,0.84,2.16,0.22,0.2,1.45,0.24,0.21,1.66,2.04
54,0.2,0.2,0.2,1.85,0.2,0.2,0.2,0.91,0.2,0.2,0.2,0.49,0.2,0.2,0.2,0.2,0.2,1.62,0.2,0.2,0.2,0.88,2.4,0.2,0.2,1.54,0.23,0.29,1.69,1.97
55,0.2,0.2,0.2,1.87,0.2,0.2,0.2,1.18,0.2,0.2,0.2,0.37,0.2,0.2,0.2,0.2,0.2,1.65,0.2,0.25,0.2,0.73,2.36,0.2,0.2,1.59,0.29,0.2,1.74,1.93
56,0.2,0.2,0.2,1.89,0.2,0.2,0.2,1.43,0.2,0.2,0.2,0.37,0.2,0.2,0.2,0.2,0.2,1.67,0.22,0.2,0.2,0.63,2.17,0.61,0.2,1.55,0.29,0.27,1.77,1.94
57,0.2,0.2,0.2,2.0,0.36,0.2,0.18,1.71,0.2,0.2,0.2,0.36,0.2,0.2,0.2,0.2,0.2,1.71,0.23,0.2,0.2,0.97,2.09,0.72,0.2,1.48,0.5,0.2,1.82,2.02
58,0.16,0.2,0.2,2.06,0.2,0.2,0.2,1.87,0.2,0.2,0.2,0.43,0.2,0.2,0.2,0.2,0.2,1.76,0.23,0.2,0.2,1.0,2.12,0.88,0.2,1.4,0.5,0.2,1.84,2.13
59,0.2,0.2,0.2,2.11,0.2,0.2,0.2,1.82,0.2,0.2,0.2,0.2,0.2,0.2,0.2,0.2,0.2,1.8,0.29,0.2,0.2,1.21,2.12,0.89,0.2,1.18,0.47,0.2,1.92,2.21
60,0.2,0.2,0.2,2.08,0.2,0.2,0.2,1.71,0.2,0.2,0.2,0.2,0.2,0.2,0.2,0.2,0.2,1.83,0.25,0.2,0.2,1.35,2.15,0.96,0.2,1.06,0.55,0.2,2.0,2.28
61,0.2,0.2,0.2,2.03,0.22,0.2,0.2,1.61,0.2,0.2,0.2,0.2,0.2,0.2,0.2,0.2,0.2,1.89,0.27,0.2,0.2,1.33,2.14,0.98,0.2,1.0,0.56,0.2,2.04,2.36
62,0.2,0.2,0.2,2.01,0.21,0.2,0.2,1.28,0.2,0.2,0.2,0.2,0.2,0.2,0.2,0.2,0.2,2.0,0.2,0.2,0.2,1.24,2.1,1.03,0.2,1.21,0.59,0.2,2.1,2.49
63,0.2,0.2,0.2,2.02,0.21,0.2,0.2,1.22,0.2,0.2,0.2,0.2,0.2,0.2,0.2,0.2,0.2,2.02,0.31,0.2,0.2,1.17,2.06,1.08,0.2,1.29,0.59,0.22,2.17,2.71
64,0.2,0.2,0.2,2.05,0.26,0.2,0.2,1.07,0.2,0.74,0.2,0.2,0.2,0.2,0.2,0.2,0.2,2.22,0.29,0.2,0.2,1.17,2.06,1.07,0.2,1.3,0.64,0.2,2.19,2.87
65,0.2,0.2,0.2,2.13,0.2,0.2,0.2,1.08,0.2,0.78,0.2,0.2,0.2,0.2,0.2,0.2,0.2,2.27,0.32,0.2,0.2,1.26,2.18,1.05,0.2,1.36,0.77,0.23,2.22,2.99
66,0.2,0.2,0.2,2.08,0.2,0.2,0.2,1.11,0.2,0.73,0.2,0.2,0.2,0.2,0.2,0.2,0.2,2.22,0.36,0.2,0.21,1.37,2.4,1.05,0.2,1.5,0.78,0.2,2.32,3.07
67,0.2,0.2,0.2,2.04,0.2,1.5,0.2,1.11,0.2,0.63,0.2,0.2,0.2,0.2,0.2,0.2,0.2,2.32,0.54,0.2,0.2,1.84,2.53,1.06,0.2,1.6,0.67,0.87,2.31,3.12
68,0.2,0.2,0.2,1.99,0.2,1.51,0.2,1.12,0.2,0.86,0.2,0.78,0.2,0.2,0.2,0.2,0.2,2.52,0.47,0.2,0.2,2.21,2.51,1.02,0.2,1.74,0.99,0.92,2.28,3.17
69,0.2,0.2,0.2,1.91,0.2,1.61,0.2,1.11,0.2,0.82,0.2,0.47,0.2,0.2,0.2,0.2,0.2,2.65,0.47,0.2,0.25,2.43,2.41,0.97,0.2,1.83,1.23,0.92,2.27,3.23
70,0.2,0.2,0.2,1.83,0.2,1.65,0.2,0.93,0.2,0.82,0.2,0.5,0.2,0.2,0.2,0.2,0.2,2.83,0.61,0.22,0.25,2.49,2.26,0.97,0.2,1.99,1.59,0.77,2.26,3.25
71,0.2,0.2,0.2,1.78,0.24,1.67,0.2,1.11,0.2,1.32,0.2,0.52,0.2,0.2,0.2,0.2,0.2,3.03,0.61,0.2,0.23,2.47,2.08,0.99,0.27,2.1,1.68,1.16,2.25,3.26
72,0.2,0.2,0.2,1.71,0.22,1.68,0.2,1.2,0.2,1.02,0.2,0.54,0.2,0.2,0.2,0.2,0.2,3.33,0.79,0.2,0.23,2.5,1.88,1.05,0.32,2.32,1.91,1.17,2.22,3.34
73,0.2,0.2,0.2,1.63,0.22,1.66,0.2,1.46,0.2,1.07,0.2,0.51,0.2,0.2,0.2,0.2,0.2,3.63,0.8,0.2,0.24,2.63,1.69,1.11,0.38,2.47,1.95,1.12,2.22,3.51
74,0.2,0.2,0.2,1.57,0.22,1.63,0.49,1.61,0.2,1.08,0.2,0.47,0.2,0.2,0.2,0.2,0.2,3.76,0.81,0.2,0.24,2.74,1.55,1.15,0.44,2.52,1.92,1.44,2.26,3.61
75,0.2,0.2,0.2,1.54,0.23,1.6,0.49,1.78,0.2,1.3,0.2,1.75,0.2,0.2,0.2,0.2,0.2,4.08,0.81,0.2,0.27,2.81,1.49,1.2,0.84,2.57,1.9,1.59,2.27,3.79
76,0.2,0.2,0.2,1.57,0.24,1.57,0.49,1.89,0.2,1.04,0.2,1.79,0.2,0.2,0.2,0.2,0.2,4.57,0.78,0.2,0.26,2.83,1.51,1.27,0.82,2.6,1.93,1.74,2.23,3.93
77,0.2,0.2,0.2,1.59,0.25,1.53,0.49,1.62,0.2,1.08,0.2,1.85,0.2,0.2,0.2,0.2,0.59,5.22,0.77,0.2,0.3,2.85,1.55,1.36,0.88,2.59,2.08,1.81,2.18,3.91
78,0.2,0.2,0.2,1.68,0.3,2.17,0.51,1.51,0.2,1.49,0.2,1.9,0.2,0.2,0.2,0.2,0.53,5.49,0.75,0.2,0.3,2.87,1.62,1.36,1.03,2.62,2.16,1.74,2.16,3.82
79,0.2,0.2,0.2,1.79,0.3,2.23,0.58,1.5,0.2,1.5,0.2,2.08,0.2,0.2,0.2,0.2,0.93,5.77,1.02,0.2,0.31,2.85,1.7,1.31,1.19,2.72,2.12,1.83,2.19,3.72
80,0.2,0.2,0.2,1.88,0.3,2.2,0.65,1.48,0.2,1.62,0.2,2.26,0.2,0.2,0.2,0.2,0.9,6.31,1.19,0.2,0.2,2.84,1.71,1.35,1.29,2.83,2.02,1.96,2.21,3.63
81,1.12,0.2,0.2,1.98,0.29,2.18,0.68,1.41,0.2,1.89,0.2,2.32,0.54,0.2,0.2,0.2,0.98,6.85,1.18,0.2,0.2,2.87,1.67,1.44,1.47,2.89,2.58,1.99,2.3,3.53
82,1.3,0.2,0.2,2.09,0.6,2.19,0.75,1.36,0.2,2.39,0.2,2.38,0.54,0.2,0.2,0.85,1.08,6.96,1.18,0.2,0.33,3.06,1.7,1.55,1.56,2.93,2.84,1.98,2.5,3.47
83,1.47,0.2,0.2,2.25,0.79,2.24,0.74,1.31,0.2,2.29,0.4,2.43,0.64,0.2,0.2,1.0,0.2,6.66,1.25,0.29,0.25,3.34,1.8,1.63,1.7,3.06,3.26,2.02,2.69,3.46
84,1.43,0.2,0.2,2.5,1.08,2.46,0.75,1.24,0.2,2.25,0.38,2.45,0.72,0.2,0.2,0.99,0.57,6.28,1.39,0.27,0.25,3.52,1.99,1.69,1.75,3.31,3.39,2.03,2.81,3.48
85,1.49,0.2,0.2,2.85,1.35,2.52,0.76,1.07,0.2,2.38,0.39,2.44,0.78,0.2,0.2,1.12,0.42,5.93,1.51,0.33,0.25,3.58,2.32,1.69,1.77,3.43,3.5,2.04,2.87,3.56
86,1.52,0.2,0.2,3.08,1.42,2.98,0.85,0.96,0.2,2.33,0.41,2.56,1.32,0.2,0.2,1.36,1.04,5.64,1.58,0.32,0.29,3.64,2.71,1.67,1.8,3.55,3.67,2.03,2.9,3.65
87,1.63,0.2,0.21,3.33,1.45,2.92,0.92,1.2,0.2,2.31,0.58,2.82,1.24,0.2,0.2,1.34,1.11,5.67,1.62,0.27,0.3,3.83,2.98,1.68,1.91,3.75,3.82,2.02,2.95,3.78
88,1.67,0.2,0.21,3.51,1.6,3.23,0.99,1.38,0.2,2.3,0.6,3.02,1.73,0.2,0.2,1.2,1.31,6.03,1.66,0.2,0.4,3.97,3.13,1.71,2.01,4.05,3.98,2.07,3.02,3.87
89,1.68,0.2,0.21,3.7,1.67,3.61,1.04,1.46,0.2,2.54,0.62,3.21,1.73,0.2,0.2,0.74,1.33,6.09,1.77,0.2,0.49,4.03,3.18,1.83,2.07,4.31,4.13,2.15,3.12,3.93
90,1.67,0.2,0.21,3.97,1.86,3.91,1.1,1.47,0.2,2.65,1.36,3.33,1.88,0.2,2.29,0.77,1.34,6.01,1.84,0.79,0.53,4.06,3.21,1.93,2.14,4.45,4.12,2.24,3.25,3.98
91,1.68,0.2,1.65,4.14,2.04,4.08,1.19,1.65,0.2,2.73,1.37,3.35,2.06,0.2,2.58,0.87,1.44,5.95,1.87,0.78,0.64,4.1,3.26,2.03,2.21,4.51,4.09,2.34,3.4,4.09
92,1.74,0.2,1.78,4.28,2.39,4.14,1.27,1.94,0.2,2.78,1.45,3.4,2.06,0.2,2.71,0.91,1.53,5.94,1.9,0.83,0.7,4.18,3.32,2.09,2.32,4.53,4.09,2.36,3.54,4.26
93,1.83,0.2,1.97,4.48,2.79,4.13,1.22,2.21,0.51,2.75,1.47,3.49,2.12,0.2,2.76,0.92,1.74,6.0,2.0,0.81,0.73,4.22,3.45,2.12,2.47,4.6,4.14,2.47,3.68,4.37
94,1.91,0.2,2.07,4.6,3.04,4.13,1.39,2.5,0.52,2.66,2.38,3.55,2.06,0.2,2.82,0.95,2.06,6.04,2.18,0.96,0.91,4.18,3.59,2.18,2.48,4.78,4.3,2.61,3.87,4.51
95,2.01,0.2,2.16,4.71,3.17,4.14,1.76,2.54,0.54,2.56,2.56,3.61,2.66,0.2,2.84,1.02,2.33,6.19,2.39,0.95,0.97,4.04,3.72,2.25,2.6,4.96,4.41,2.93,4.07,4.63
96,2.17,0.2,2.28,4.48,3.27,4.13,2.08,2.68,0.55,3.38,2.87,3.76,2.38,0.2,2.89,5.37,2.65,6.25,2.6,1.0,1.12,3.99,3.93,2.26,2.98,5.09,4.8,3.13,4.23,4.81
97,2.26,0.2,2.28,4.72,3.53,3.72,2.38,2.7,1.56,4.21,3.16,3.92,2.25,0.2,3.4,5.29,3.09,6.36,2.96,1.28,1.24,4.02,4.02,2.28,3.18,5.24,5.35,3.29,4.31,4.97
98,2.25,0.2,2.41,4.92,3.85,4.15,2.66,2.81,1.54,4.85,3.2,4.06,2.15,0.2,3.47,5.14,3.36,6.51,3.07,1.33,1.43,4.1,4.15,2.28,3.43,5.32,5.8,3.45,4.45,5.16
99,2.23,0.2,2.4,5.14,4.03,4.26,2.99,2.92,1.62,4.64,3.31,4.16,2.06,1.54,3.51,5.06,3.5,6.57,3.14,1.47,1.44,4.17,4.24,2.28,3.66,5.35,5.93,3.56,4.67,5.27
100,2.16,0.2,2.44,5.41,4.08,4.24,2.94,3.08,1.71,3.92,3.47,4.35,2.05,1.93,3.63,5.11,3.56,6.57,3.2,1.65,1.56,4.19,4.37,2.33,3.65,5.3,5.97,3.73,4.92,5.41
101,2.14,0.2,2.64,5.28,4.38,4.37,2.98,3.09,1.47,3.9,3.65,4.6,2.11,2.61,3.76,5.22,3.5,6.63,3.29,1.85,1.82,4.24,4.64,2.39,3.69,5.26,6.16,3.9,5.25,5.56
102,2.31,0.2,2.72,5.75,4.48,4.59,2.92,3.4,1.65,3.95,3.71,5.06,2.76,2.78,3.88,5.36,3.5,6.72,3.46,2.03,2.02,4.29,4.99,2.51,3.84,5.32,6.52,4.31,5.78,5.84
103,2.61,0.56,2.82,6.32,4.66,4.78,3.28,3.79,2.51,3.99,3.84,5.48,2.85,2.91,4.01,5.68,3.49,6.86,3.73,2.3,2.38,4.28,5.22,2.8,4.03,5.35,6.77,4.57,6.16,6.14
104,2.68,0.54,2.79,6.46,5.11,4.78,3.38,4.2,2.3,4.07,4.28,5.68,2.91,3.01,3.95,6.06,3.6,7.14,3.84,2.46,2.54,4.45,5.53,3.01,4.17,5.39,6.77,4.72,6.26,6.28
105,2.33,0.54,3.19,6.49,5.49,5.0,3.27,4.57,2.2,4.15,4.45,5.86,3.08,3.06,4.11,6.47,3.69,7.34,4.07,2.45,2.89,4.72,5.94,3.18,4.25,5.41,6.73,4.78,6.41,6.43
106,2.84,0.56,3.33,6.54,5.53,5.3,3.25,4.72,2.31,4.23,4.65,5.89,3.23,3.68,4.39,6.42,3.78,7.53,4.27,2.68,3.23,5.06,6.32,3.5,4.36,5.36,6.64,4.86,6.65,6.63
107,3.07,0.56,3.25,6.55,5.55,5.56,3.18,5.3,2.52,4.28,5.06,5.87,3.52,4.0,4.7,6.25,3.85,7.76,4.37,2.88,3.48,5.43,6.46,3.58,4.42,5.34,6.61,4.93,6.63,6.78
108,3.3,1.29,3.18,6.57,5.6,5.68,3.08,5.44,2.71,4.53,5.6,6.05,3.69,4.64,4.9,6.24,3.97,7.83,4.51,3.04,3.58,5.76,6.42,3.61,4.61,5.4,6.68,4.97,6.58,6.95
109,3.54,1.32,3.15,6.55,5.74,5.77,3.67,5.43,2.9,4.92,6.0,6.58,3.88,5.37,4.91,6.29,4.12,7.97,4.62,3.12,3.49,6.01,6.53,3.58,4.94,5.48,6.79,4.93,6.65,7.13
110,3.73,2.01,3.5,6.57,5.92,5.9,4.13,5.41,3.12,5.13,6.03,6.87,4.11,5.67,4.88,6.63,4.36,8.05,4.62,3.35,4.29,6.05,6.8,3.61,5.12,5.62,6.75,4.96,6.71,7.28
111,3.96,2.39,3.81,6.91,6.03,6.06,4.46,5.48,3.43,5.11,5.76,7.02,4.55,5.91,5.46,7.12,4.58,8.06,4.68,3.46,4.13,6.1,7.0,3.78,5.21,5.85,6.66,5.13,6.74,7.39
112,4.24,2.76,3.98,7.21,6.09,6.19,4.78,5.59,3.59,5.14,5.63,7.27,4.97,6.18,5.65,7.16,4.7,8.01,4.98,3.66,4.2,6.23,7.14,4.06,5.29,5.87,6.62,5.31,6.88,7.52
113,4.49,3.26,4.14,7.5,6.17,6.28,5.04,5.71,3.77,5.44,5.59,7.29,5.16,6.57,5.83,7.21,4.91,7.99,5.1,3.88,4.24,6.45,7.41,4.42,5.5,5.82,6.65,5.63,7.03,7.64
114,4.72,3.33,4.35,7.56,6.24,6.52,5.29,5.86,3.91,5.54,5.56,7.28,5.18,6.68,6.32,7.33,5.1,7.97,5.22,4.08,4.27,6.55,7.55,5.09,5.6,5.87,6.73,5.85,7.13,7.7
115,4.84,3.66,4.45,7.36,6.57,6.86,5.64,6.01,4.51,5.58,5.54,7.17,5.29,6.72,7.03,7.52,5.46,7.96,5.34,4.23,4.47,6.61,7.71,6.16,5.71,5.98,6.87,5.95,7.19,7.67
116,5.0,3.73,4.92,7.49,6.58,6.76,6.14,6.49,4.74,5.7,5.6,7.13,5.48,6.65,7.73,7.6,5.73,8.05,5.68,4.35,4.64,6.71,7.99,5.95,5.87,6.03,6.95,5.97,7.28,7.68
117,5.16,3.87,5.07,7.61,7.15,6.95,6.52,6.08,5.41,5.99,5.65,7.32,5.67,6.59,8.0,7.4,5.86,8.19,6.12,4.39,4.83,6.85,8.05,5.53,5.94,6.21,7.08,5.98,7.34,7.72
118,5.34,3.85,5.24,7.73,7.34,7.18,6.48,6.12,5.66,6.2,5.79,7.58,5.8,6.65,7.9,7.71,6.03,8.26,6.44,4.47,5.17,6.98,8.08,5.4,6.07,6.46,7.37,6.04,7.4,7.88
119,5.56,3.97,5.18,7.73,7.42,7.62,6.74,6.16,5.68,6.34,6.03,7.88,5.94,6.84,7.76,8.12,6.1,8.31,6.88,4.53,5.56,7.07,8.19,5.42,6.11,6.59,7.68,6.14,7.44,8.27
120,5.84,4.11,5.95,8.2,7.84,8.47,8.02,6.19,5.87,6.47,6.15,8.33,6.29,7.03,7.87,8.95,6.1,8.44,7.48,4.72,5.98,7.11,8.36,5.66,6.19,6.77,7.88,6.22,7.58,8.72
121,6.09,4.26,5.98,8.81,8.62,8.45,8.8,6.32,6.05,6.62,6.28,8.88,6.55,7.19,8.09,9.39,6.48,8.78,7.98,5.08,6.36,7.16,8.44,6.06,6.47,7.08,8.09,6.3,7.78,9.19
122,6.39,4.4,6.01,9.3,9.25,8.29,9.12,6.57,6.2,6.82,6.67,9.35,6.75,7.33,8.32,9.66,6.87,9.44,8.1,5.32,6.97,7.52,8.54,6.33,6.9,7.35,8.23,6.47,8.03,9.64
123,6.74,4.49,6.08,9.75,9.83,8.19,9.69,6.81,6.3,7.08,7.04,9.79,6.91,7.55,8.84,9.98,6.98,10.46,8.25,5.58,7.44,7.94,8.66,6.59,7.27,7.57,8.35,6.68,8.11,10.05
124,7.2,4.75,6.06,10.39,10.36,8.27,9.67,7.04,6.54,7.44,7.21,9.95,7.03,7.76,9.08,10.18,6.96,11.2,8.44,5.78,7.75,8.2,8.71,7.04,7.65,7.78,8.56,6.94,8.15,10.28
125,7.67,5.12,6.52,11.31,10.88,9.6,9.45,7.31,6.66,7.65,7.38,10.05,7.21,7.9,9.07,10.26,7.06,11.05,8.72,5.9,8.31,8.36,8.71,7.56,7.96,7.74,8.7,7.23,8.31,10.56
126,7.5,5.44,6.5,12.14,11.19,10.56,9.18,7.5,7.11,7.91,7.72,10.1,7.44,8.05,9.11,10.15,7.45,10.71,9.13,6.12,9.32,8.5,8.66,8.21,8.05,7.71,8.79,7.49,8.49,10.91
127,8.11,5.75,6.43,12.22,11.54,11.47,9.18,7.55,7.46,8.2,8.21,10.29,7.93,8.31,9.29,10.04,8.0,10.63,9.73,6.49,10.3,8.71,8.61,8.76,7.98,7.77,8.98,7.65,8.93,11.19
128,7.86,5.92,6.61,11.85,11.7,11.99,9.27,7.58,7.4,8.8,8.56,10.8,8.61,8.53,9.55,9.85,8.35,10.9,10.54,7.17,11.2,8.81,8.66,9.45,7.78,7.79,9.06,7.87,9.59,11.43
129,7.99,6.07,6.76,11.62,11.28,11.96,9.32,7.63,7.3,9.54,8.82,11.0,9.07,8.67,9.65,9.69,8.54,11.23,11.16,7.71,11.86,8.78,8.82,9.69,7.8,7.74,9.14,8.24,9.98,11.65
130,8.2,6.49,6.91,11.23,11.43,11.71,10.02,8.09,7.41,10.45,8.92,11.03,9.42,8.9,9.65,9.74,8.59,11.35,10.88,8.08,12.37,8.86,9.02,9.48,7.7,7.67,9.18,8.72,10.33,11.74
131,8.37,6.8,7.06,11.43,10.92,11.29,10.19,8.06,7.62,11.3,8.9,10.98,9.74,9.18,9.95,9.88,8.62,11.46,10.11,8.36,12.89,9.09,9.34,9.38,7.69,7.66,9.36,9.46,10.89,11.82
132,8.54,6.97,7.11,11.68,10.71,11.0,10.19,8.14,7.9,12.45,8.71,10.89,9.68,9.19,10.28,9.94,9.01,11.76,9.64,9.21,11.99,9.34,9.65,9.47,7.9,7.71,9.61,10.52,11.22,11.84
133,8.86,7.18,7.17,11.81,10.71,11.17,10.58,8.18,8.22,13.63,8.66,10.84,9.6,9.06,10.45,10.03,9.55,12.16,9.69,10.25,10.47,9.61,9.99,9.54,8.18,7.75,10.01,11.68,11.28,11.86
134,9.02,7.35,7.42,12.82,10.75,11.15,10.75,8.24,8.86,13.9,8.72,10.88,9.7,9.14,10.41,10.17,9.72,12.89,10.1,10.14,10.13,9.81,10.16,9.79,8.36,7.92,10.5,12.49,11.4,12.05
135,9.27,7.64,7.5,14.17,10.95,11.02,11.27,8.72,9.27,13.53,8.76,10.95,9.98,9.35,10.45,10.26,10.13,13.79,10.48,9.64,10.6,9.93,10.33,10.4,8.52,8.04,11.04,12.55,11.65,12.46
136,9.69,8.15,7.6,14.31,11.34,10.94,11.69,8.48,9.04,12.95,9.08,11.04,10.04,9.59,10.66,10.63,10.58,14.24,10.58,9.39,11.21,9.85,10.64,11.13,8.71,8.17,11.74,12.3,11.71,12.9
137,10.05,8.76,7.63,14.17,11.59,11.34,11.93,8.64,8.89,12.62,9.52,11.13,10.02,9.89,10.79,11.17,10.92,14.02,10.77,9.37,11.71,9.86,11.12,11.62,8.97,8.36,12.34,12.02,11.47,13.29
138,10.35,9.77,8.07,15.48,11.75,11.6,12.2,8.67,8.91,12.52,9.81,11.17,10.1,9.95,11.0,11.64,11.2,13.93,11.42,9.48,11.67,10.25,11.82,11.78,9.32,8.89,13.0,11.91,11.33,13.82
139,10.63,10.25,8.28,15.84,11.93,11.78,12.72,8.81,9.2,12.64,10.05,11.16,10.26,9.82,11.53,11.96,11.4,14.53,12.2,9.78,11.33,10.58,11.76,12.29,9.7,9.51,13.28,11.91,11.49,14.64
140,10.44,10.1,8.51,15.91,12.22,12.01,12.8,8.99,9.43,12.88,10.24,11.27,10.62,9.87,12.24,12.38,11.6,15.4,13.19,10.28,11.07,10.96,11.47,12.47,9.8,10.03,13.85,12.05,11.85,15.39
141,10.66,10.2,8.72,15.74,12.32,12.26,12.51,9.35,9.76,13.11,10.42,11.32,11.15,10.07,12.75,13.44,12.3,16.09,13.7,11.0,10.87,11.41,11.61,12.72,9.9,10.26,14.43,12.33,12.05,16.15
142,10.92,10.38,8.94,15.07,12.33,12.62,12.37,9.83,9.87,13.3,10.69,11.32,11.89,10.35,13.14,14.76,13.19,16.64,13.8,11.21,10.92,11.94,11.94,13.39,10.22,10.56,15.3,12.54,12.23,16.85
143,11.74,10.57,9.48,15.29,12.31,12.94,12.29,9.9,9.89,13.52,10.96,11.45,13.2,10.56,13.59,15.63,13.26,16.61,13.17,11.35,11.42,12.56,12.32,13.77,10.54,11.41,16.03,12.56,12.5,17.21
144,11.83,10.63,9.54,15.32,12.25,12.94,12.16,9.83,9.98,13.55,11.17,11.91,14.44,10.73,13.85,16.5,13.04,16.55,12.21,11.8,11.74,13.04,12.89,14.29,10.7,12.97,16.15,12.62,12.85,17.43
145,11.95,10.53,9.54,15.15,12.2,12.76,12.05,10.11,10.48,13.54,11.45,12.78,14.68,11.03,13.76,17.4,13.35,17.08,11.9,12.52,12.14,13.53,13.55,15.18,11.3,13.85,16.3,13.08,12.95,17.75
146,11.99,10.68,9.57,15.12,12.16,12.8,12.06,10.29,11.12,13.69,11.88,13.64,14.49,11.25,13.55,18.22,14.33,17.48,11.95,13.09,12.83,13.99,13.85,16.32,11.87,15.57,16.19,13.94,13.17,17.87
147,12.4,10.92,9.89,15.77,12.51,12.96,12.06,10.78,11.34,13.9,12.41,14.46,14.36,11.47,13.51,18.99,15.33,17.74,12.17,13.51,13.47,14.62,14.1,17.67,12.23,17.08,15.54,14.74,13.55,17.84
148,12.43,10.78,9.95,16.54,13.11,12.86,12.05,11.48,11.5,14.04,12.89,15.97,14.48,11.56,13.5,19.37,15.97,18.15,12.63,13.98,13.99,15.63,14.33,18.52,12.5,16.64,14.86,15.21,14.22,17.49
149,12.46,10.65,10.07,16.83,15.47,12.74,12.15,11.75,12.06,14.15,13.46,17.66,15.09,11.66,13.42,19.7,16.53,18.88,13.3,14.37,14.27,16.54,14.45,18.67,12.82,15.55,14.03,15.69,15.01,17.02
150,12.56,10.56,10.24,16.81,17.57,12.7,12.32,12.08,12.27,14.13,14.19,18.26,16.02,11.85,13.46,20.18,17.2,18.8,13.92,14.77,14.55,17.04,14.67,18.28,13.19,14.68,13.57,16.24,15.61,16.56
151,12.61,10.66,10.39,16.99,18.06,13.36,12.03,12.41,11.74,14.23,14.83,18.36,16.75,12.15,13.7,20.33,17.45,18.31,14.2,15.13,14.15,17.24,14.83,17.8,13.52,14.12,13.69,16.57,16.29,16.36
152,13.41,11.52,10.55,16.57,17.64,14.01,12.27,12.7,11.36,14.34,15.21,18.0,17.77,12.53,13.83,20.14,16.49,18.11,14.15,15.46,13.4,17.34,14.99,17.41,13.64,13.85,14.43,16.77,16.91,16.52
153,13.81,12.0,10.72,16.05,17.26,15.6,12.42,12.91,11.57,14.4,15.56,17.72,18.76,12.82,13.96,19.73,15.72,17.75,14.05,15.86,13.04,17.27,15.22,16.94,13.51,13.84,15.44,16.87,17.42,16.67
154,14.18,12.32,10.88,15.65,16.94,15.76,12.62,12.87,11.95,14.7,16.18,17.53,18.58,13.16,14.11,18.94,15.97,17.07,14.15,16.18,13.14,17.43,15.57,16.65,13.44,14.21,16.33,16.97,17.57,16.87
155,14.44,12.65,11.08,15.71,16.84,15.28,12.85,13.06,11.92,14.92,16.9,17.27,17.74,13.58,14.28,18.42,16.76,16.41,14.33,16.21,13.49,17.7,15.7,16.37,13.46,14.88,16.73,16.98,17.01,17.17
156,15.55,12.86,12.25,15.27,17.28,15.16,12.97,13.25,11.9,14.96,17.75,17.23,16.91,14.4,14.69,18.07,17.79,16.15,14.49,16.22,13.8,17.58,15.72,16.2,13.68,15.53,16.99,16.96,16.57,17.48
157,16.94,13.07,12.67,15.51,18.04,14.77,13.66,13.38,12.29,15.1,18.05,17.68,16.35,15.54,14.94,17.48,18.73,16.29,14.52,16.4,13.97,17.34,15.74,16.22,14.13,16.18,17.59,16.85,16.34,17.89
158,17.65,13.2,13.23,15.48,19.27,14.4,14.61,13.71,14.11,15.33,18.37,18.27,16.52,16.49,15.11,17.11,19.02,16.51,14.53,16.81,14.2,17.25,15.77,16.43,14.64,16.44,18.55,16.76,16.25,18.23
159,17.31,13.67,13.74,15.62,19.23,13.91,15.27,14.58,14.3,15.68,19.5,18.44,16.73,17.14,15.39,17.06,19.2,16.92,14.97,16.92,14.48,17.11,16.0,16.81,14.94,16.51,19.45,16.75,16.28,18.17
160,16.92,14.17,14.36,15.88,19.08,14.46,15.81,17.3,13.35,16.33,21.0,18.04,16.79,17.74,15.63,17.23,18.98,17.32,15.38,17.02,14.88,16.78,16.41,17.0,15.12,16.72,19.93,16.89,16.41,17.98
161,16.64,14.69,16.11,16.07,20.92,15.05,16.49,17.84,13.2,17.01,21.71,17.4,17.34,17.99,15.9,17.4,18.36,17.98,15.69,17.14,15.26,16.6,16.74,16.97,15.22,17.05,19.93,17.06,16.49,17.84
162,16.42,15.24,16.3,16.25,20.93,16.4,16.71,17.72,13.58,17.02,21.62,17.14,18.09,17.86,16.38,17.68,18.03,18.63,16.0,17.12,15.47,16.79,17.23,16.95,15.33,17.4,19.72,17.56,16.56,17.86
163,16.12,15.82,16.32,16.45,21.04,17.24,17.22,17.32,14.0,16.85,21.13,17.18,18.75,17.97,16.78,17.61,17.73,18.81,16.13,17.11,15.81,17.16,18.02,17.09,15.56,17.32,19.75,17.96,16.48,18.04
164,16.27,16.38,16.48,16.34,20.52,17.56,18.38,17.12,14.39,16.73,20.82,17.38,19.22,18.28,16.94,16.94,17.47,18.64,16.16,17.91,16.39,17.31,18.64,17.51,15.56,17.24,19.88,18.34,16.38,18.34
165,16.66,16.89,16.35,16.75,19.91,17.86,19.85,16.98,14.75,16.81,20.73,17.81,19.45,18.46,17.21,17.96,17.43,18.55,16.21,17.94,17.01,17.41,18.95,17.78,15.39,17.15,19.72,19.03,16.41,18.67
166,16.75,17.53,16.37,17.34,19.27,18.18,20.45,16.54,15.19,17.29,20.36,18.04,19.47,18.63,17.58,18.86,17.56,18.61,16.47,18.05,17.54,17.75,19.29,18.08,15.59,17.06,19.32,19.76,16.53,18.97
167,18.3,18.42,16.44,17.82,19.16,17.93,19.8,16.05,15.69,17.74,19.6,18.35,19.83,18.65,17.86,19.12,17.94,18.7,16.96,18.63,17.88,18.08,19.83,18.67,16.05,17.05,18.98,19.95,16.88,19.16
168,19.48,18.91,16.31,18.18,18.8,18.01,19.2,15.99,15.95,18.25,19.02,18.65,20.38,18.62,18.2,19.4,18.33,19.02,17.36,19.06,18.19,18.46,20.2,19.41,16.61,17.34,18.9,19.85,17.18,19.52
169,19.56,18.95,16.29,18.85,18.83,18.62,19.31,16.56,16.4,18.59,18.79,18.93,20.71,18.5,18.59,20.05,18.8,19.54,17.38,19.18,18.43,18.79,20.38,19.79,17.33,18.08,18.97,19.41,17.63,20.26
170,20.34,18.82,16.36,19.17,18.76,18.21,19.37,17.19,16.47,18.62,18.85,19.07,20.5,18.37,18.98,20.4,18.96,20.05,17.44,19.31,18.66,19.3,20.35,19.76,17.53,19.1,18.96,19.12,17.91,20.97
171,21.39,18.71,17.3,19.22,19.27,17.91,19.36,18.01,15.82,18.46,18.95,19.08,20.1,18.3,19.3,20.43,18.93,20.76,17.82,19.61,18.86,20.04,20.19,19.63,17.29,20.07,19.0,19.23,18.18,21.98
172,20.52,18.58,17.82,20.16,19.66,18.81,19.35,18.51,16.56,18.38,19.34,19.26,20.02,18.43,19.51,20.64,19.17,21.34,18.26,19.96,19.0,20.27,20.12,19.6,17.13,20.67,18.99,19.4,18.45,22.89
173,19.81,18.65,18.32,21.43,19.89,18.65,19.36,19.51,16.27,18.37,19.75,19.64,19.98,18.51,20.08,20.85,19.54,21.7,18.88,20.25,19.09,20.31,20.12,19.86,17.43,21.11,18.86,19.71,18.63,23.18
174,20.37,18.78,18.88,22.02,20.5,18.47,19.43,20.46,17.59,18.48,20.1,19.9,20.02,18.43,21.12,20.98,19.69,21.85,19.82,20.48,19.06,20.34,20.04,19.92,18.09,21.08,18.82,19.79,18.97,22.89
175,20.59,19.08,19.73,22.31,21.22,18.19,19.9,20.92,18.95,18.61,20.59,20.07,20.3,18.48,21.71,20.89,19.76,21.87,20.59,20.83,19.03,20.4,19.98,19.88,18.54,20.67,18.97,20.14,19.51,22.41
176,20.82,19.49,19.86,22.69,21.91,19.16,20.28,21.66,20.13,18.76,21.46,20.14,20.91,18.7,21.7,20.86,19.86,21.74,20.69,21.22,19.07,20.55,19.9,20.02,18.82,20.05,19.38,20.43,19.83,21.93
177,20.93,18.81,19.81,22.0,21.15,19.75,21.06,21.84,20.44,18.62,22.29,20.31,21.5,19.09,21.34,21.3,19.91,21.57,20.63,21.5,19.0,20.86,19.76,20.56,19.3,19.95,19.98,20.51,19.92,21.64
178,20.93,18.95,19.73,21.36,21.48,19.53,22.0,21.37,19.08,18.57,22.81,20.6,21.87,19.51,21.18,21.56,19.96,21.49,20.78,21.87,19.0,21.07,19.65,21.6,20.27,20.34,20.47,20.44,19.85,21.4
179,20.91,19.37,20.7,21.69,21.73,19.7,22.5,21.04,19.05,18.69,23.22,20.79,21.62,19.74,21.07,21.6,20.01,21.61,20.85,22.37,19.02,21.21,19.62,22.34,21.11,20.92,21.06,20.46,19.81,21.27
180,20.83,19.8,21.67,22.06,21.78,20.09,22.37,21.32,19.4,18.74,23.44,20.68,21.43,19.84,20.93,21.55,20.04,22.04,21.12,22.62,18.53,21.19,19.99,22.75,21.33,21.23,21.87,20.56,19.96,21.25
181,20.73,20.21,21.43,21.76,21.74,20.14,22.62,22.41,19.58,18.77,23.39,20.62,21.4,19.84,20.88,21.51,20.32,22.43,21.31,22.7,18.8,21.04,20.37,23.36,21.36,21.77,21.69,20.75,20.43,21.22
182,20.69,20.63,21.31,21.83,21.5,20.06,21.74,23.29,19.92,18.99,22.79,20.66,21.22,19.84,20.79,21.66,20.8,22.7,21.34,22.7,18.91,21.1,20.58,23.91,21.7,22.18,21.2,20.98,21.08,21.13
183,20.65,20.43,21.21,21.99,21.7,20.61,20.84,23.09,20.46,19.46,22.39,20.72,21.08,19.89,20.64,21.98,21.23,22.88,21.14,22.58,18.99,21.02,20.79,24.13,22.39,22.52,20.86,21.21,21.9,21.07
184,20.59,20.86,21.01,22.47,22.34,20.59,20.64,23.77,21.08,19.72,22.44,20.75,21.19,20.05,20.43,22.26,21.66,23.27,21.15,22.34,19.24,20.93,21.08,24.37,23.31,22.98,20.74,21.42,22.46,21.14
185,20.73,20.45,20.19,22.35,23.19,20.94,20.1,24.05,21.41,19.88,22.64,20.85,21.29,20.21,20.35,22.81,22.02,23.65,21.54,22.13,19.71,21.1,21.31,24.94,24.08,23.42,21.07,21.59,22.9,21.3
186,20.91,19.96,19.7,22.34,23.98,21.33,20.02,23.53,21.25,20.16,22.83,20.87,21.39,20.39,20.53,23.47,22.44,23.99,22.06,22.02,19.95,21.35,21.6,24.81,24.55,23.86,21.54,21.73,23.41,21.64
187,21.12,19.9,19.61,22.73,23.45,21.74,19.98,22.96,21.27,20.5,22.9,20.93,21.64,20.7,20.62,24.07,22.8,24.25,22.49,21.97,20.48,21.81,21.88,23.88,24.34,24.42,21.9,21.79,23.5,22.08
188,21.17,20.19,19.93,22.68,23.05,21.67,20.51,22.81,21.4,20.84,22.88,21.11,21.96,21.14,20.61,24.58,22.95,24.55,22.64,21.9,20.69,22.13,21.97,23.4,23.48,25.03,22.06,21.86,23.18,22.49
189,20.95,20.69,19.8,22.54,23.13,21.18,20.95,23.36,21.4,20.94,23.05,21.3,22.19,21.75,20.6,25.06,23.17,24.87,22.63,21.69,20.53,22.54,21.88,23.4,22.91,25.49,22.06,21.94,23.01,22.82
190,20.73,20.65,19.61,22.63,22.78,21.25,21.26,23.25,21.21,20.73,23.26,21.49,22.49,22.0,20.72,24.88,23.39,24.75,22.86,21.62,20.49,22.95,21.91,23.51,23.06,25.81,21.99,21.96,22.95,23.15
191,20.6,20.76,19.85,22.52,22.42,21.08,22.05,22.59,20.9,20.67,23.52,21.64,22.7,21.84,20.92,24.51,23.83,24.55,22.84,21.79,20.69,22.99,22.01,23.55,23.63,26.23,22.01,22.03,22.97,23.35
192,21.04,20.74,20.97,22.68,22.5,21.0,20.93,22.06,20.62,20.99,23.76,21.82,22.43,21.77,21.06,24.49,24.01,24.48,22.68,22.04,21.19,23.01,22.17,23.54,23.65,26.28,21.99,22.12,22.94,23.32
193,21.97,20.5,21.56,22.84,22.47,21.13,20.66,22.02,20.45,21.41,24.18,22.25,22.13,21.9,21.08,24.58,23.98,24.54,22.75,22.33,21.38,23.35,22.41,23.65,23.37,25.68,21.99,22.24,22.79,23.3
194,22.85,21.2,22.14,23.1,22.38,21.17,20.61,22.24,20.54,21.97,24.87,22.62,22.01,22.02,21.02,24.72,23.87,24.78,23.17,22.43,21.54,23.82,22.59,24.07,23.39,24.93,22.11,22.39,22.66,23.43
195,23.26,21.54,22.69,23.78,23.05,21.94,20.78,22.83,20.85,22.38,25.26,22.97,21.86,21.99,20.95,24.89,23.87,24.9,23.8,22.38,21.45,23.92,22.72,24.45,23.55,24.46,22.18,22.57,22.76,23.74
196,24.0,21.94,22.83,24.2,23.72,22.43,21.48,23.3,20.9,22.24,25.44,23.43,21.68,21.99,21.06,24.92,24.15,24.9,24.64,22.18,21.17,23.7,22.79,24.88,23.72,24.37,22.21,22.68,22.83,23.82
197,23.84,21.94,22.78,24.23,23.7,22.1,22.6,23.35,20.8,21.81,25.45,23.83,21.74,22.2,21.18,24.84,24.44,25.11,25.46,22.01,21.1,23.46,22.88,24.95,23.92,24.44,22.13,22.91,22.77,23.7
198,23.64,21.67,23.37,24.17,24.02,22.16,22.4,23.92,20.87,21.53,25.43,24.14,21.72,22.53,21.16,24.89,24.78,25.34,25.98,22.0,21.4,23.4,23.03,24.69,24.16,24.51,22.04,23.1,22.89,23.65
199,22.94,21.75,23.01,23.93,24.24,22.25,22.27,24.19,21.13,21.63,25.39,24.12,21.67,22.96,21.03,24.83,25.07,25.41,26.18,22.05,21.83,23.46,23.37,24.47,24.35,24.53,22.07,23.28,23.09,23.67
200,22.83,21.84,22.86,23.99,24.49,22.25,22.58,24.4,21.28,21.83,25.3,24.01,21.59,23.25,20.99,24.76,25.41,25.31,26.12,22.39,22.18,23.59,23.79,24.34,24.52,24.64,22.23,23.45,23.3,23.59
201,23.28,21.95,23.01,23.9,24.47,22.42,23.26,24.2,21.29,21.96,25.33,24.07,21.5,23.34,21.05,24.71,25.82,25.01,25.74,22.74,22.37,23.67,23.95,24.31,24.68,24.77,22.41,23.61,23.37,23.59
202,23.52,21.45,23.09,24.13,24.7,22.01,22.95,24.22,21.23,22.09,25.58,24.08,21.63,23.47,21.12,24.7,26.13,24.52,25.1,23.14,22.46,23.79,23.95,24.3,24.52,24.74,22.57,23.71,23.26,23.69
203,23.29,21.29,22.69,23.88,24.96,22.44,23.46,24.05,21.2,22.22,25.82,24.03,21.86,23.59,21.2,24.74,26.24,24.46,24.69,23.44,22.49,23.94,23.92,24.28,24.12,24.73,22.78,23.84,23.27,23.76
204,23.48,21.83,22.4,23.59,25.08,21.89,24.18,23.93,21.23,22.38,25.84,24.07,22.08,23.71,21.29,24.86,26.21,24.7,24.35,23.22,22.61,24.3,23.91,24.21,23.79,24.78,23.03,23.91,23.42,23.93
205,23.61,22.13,22.31,23.36,25.54,21.91,23.77,23.85,21.33,22.4,25.71,24.22,22.29,23.52,21.39,24.88,26.09,24.91,24.05,22.5,22.8,24.62,23.77,24.19,23.61,24.85,23.19,23.89,23.54,24.15
206,23.82,22.09,22.32,23.2,25.02,22.08,23.52,23.85,21.51,22.26,25.59,24.27,22.54,23.35,21.44,24.79,25.98,24.82,23.88,22.25,23.08,24.76,23.54,24.25,23.63,24.98,23.35,23.91,23.69,24.18
207,24.23,22.01,22.59,23.09,24.79,22.52,23.36,23.58,21.65,22.21,25.41,24.32,22.7,23.42,21.49,24.8,25.91,24.75,23.8,22.3,23.5,24.88,23.52,24.16,23.8,25.12,23.56,23.93,23.85,24.19
208,24.77,21.93,22.73,23.38,24.99,22.0,23.07,23.46,21.59,22.1,25.09,24.46,22.89,23.42,21.61,25.04,25.79,24.85,23.62,22.33,23.98,24.95,23.65,23.94,23.98,25.23,23.61,23.97,23.86,24.27
209,24.63,22.22,22.82,23.28,25.3,22.13,22.72,23.94,21.6,21.88,24.91,24.62,23.02,23.38,21.84,25.13,25.82,24.85,23.18,22.16,24.3,25.01,23.52,23.81,24.08,25.29,23.61,24.03,23.88,24.44
210,24.44,22.68,22.59,23.42,25.35,22.23,22.6,24.38,21.75,21.6,24.91,24.79,23.17,23.6,22.03,25.01,25.79,24.73,22.65,21.92,24.3,25.11,23.28,23.84,24.16,25.18,23.59,24.01,23.87,24.68
211,24.66,22.54,22.61,23.37,25.67,22.35,22.41,23.98,21.81,21.64,25.09,25.14,23.45,23.77,22.25,24.99,25.84,24.72,22.42,21.82,24.07,25.25,23.28,23.96,24.27,25.07,23.48,24.04,23.78,24.85
212,24.97,22.08,22.6,23.19,26.18,22.46,22.82,24.83,21.93,22.09,25.39,25.61,23.89,23.86,22.39,24.99,26.0,24.98,22.45,21.8,23.97,25.36,23.51,24.11,24.31,25.0,23.38,24.13,23.66,24.99
213,25.38,22.0,22.79,23.37,26.01,22.55,22.82,25.5,22.08,22.37,25.66,25.94,24.46,23.9,22.38,25.05,25.97,25.14,22.33,21.89,23.9,25.44,23.82,24.29,24.32,24.96,23.33,24.17,23.59,25.16
214,25.44,22.38,22.76,23.27,25.73,22.62,22.89,25.31,22.28,22.67,25.81,26.01,24.8,24.12,22.37,25.17,25.83,25.24,22.27,22.16,23.81,25.57,24.0,24.44,24.38,24.81,23.31,24.15,23.66,25.34
215,25.37,22.8,22.75,23.69,25.57,22.67,23.37,24.93,22.49,22.87,25.98,25.75,24.81,24.15,22.36,25.2,25.81,25.54,22.22,22.41,23.63,25.75,23.98,24.5,24.5,24.5,23.39,24.23,23.86,25.48
216,25.33,22.89,22.86,23.76,25.57,22.71,24.29,25.27,22.76,22.85,26.02,25.42,24.68,24.11,22.47,25.19,25.83,25.96,22.12,22.53,23.42,25.91,23.6,24.64,24.67,24.32,23.59,24.54,23.97,25.67
217,25.19,23.35,22.83,23.84,25.31,22.64,24.41,25.02,23.11,22.52,25.82,25.44,24.56,24.09,22.68,25.19,25.91,25.92,21.98,22.49,23.34,26.09,22.99,24.87,24.83,24.19,23.82,24.89,23.93,25.8
218,25.06,22.96,22.57,23.91,24.73,22.53,24.71,24.33,23.4,22.07,25.59,25.45,24.5,24.05,22.72,25.25,25.98,25.56,22.04,22.4,23.32,26.12,22.71,25.01,24.86,24.08,23.99,25.08,23.75,25.69
219,25.07,23.7,22.42,23.98,24.45,22.68,24.98,24.09,23.68,21.76,25.53,25.34,24.54,24.05,22.82,25.07,25.91,25.37,22.11,22.34,23.32,25.96,22.63,24.95,24.71,24.06,24.17,25.19,23.5,25.46
220,25.16,24.33,22.65,24.14,24.07,22.81,25.16,24.0,23.8,21.6,25.58,25.21,24.64,23.97,23.02,25.02,25.82,25.26,22.21,22.37,23.28,25.86,22.55,24.78,24.53,24.08,24.35,25.13,23.33,25.0
221,25.25,24.16,22.72,24.22,23.95,22.71,25.24,23.92,23.96,21.65,25.64,25.18,24.62,23.74,23.19,25.03,25.56,25.18,22.34,22.42,23.22,25.8,22.58,24.72,24.34,24.22,24.7,25.0,23.28,24.56
222,25.29,23.99,22.83,24.24,23.53,22.7,25.05,23.8,24.2,21.72,25.65,25.03,24.5,23.54,23.35,25.21,25.22,25.1,22.39,22.42,23.16,25.81,22.72,24.88,24.22,24.37,24.73,24.98,23.33,24.29
223,25.23,23.68,22.72,24.25,23.29,22.92,25.03,24.25,24.26,21.69,25.61,24.69,24.51,23.26,23.44,25.41,24.99,24.81,22.45,22.32,23.07,26.1,22.78,25.07,24.16,24.57,24.61,24.8,23.37,24.12
224,25.21,23.88,22.64,23.92,23.54,23.24,24.72,24.47,24.24,21.62,25.57,24.43,24.49,22.94,23.53,25.42,24.87,24.38,22.39,22.13,22.99,26.28,22.74,25.12,24.17,24.62,24.57,24.59,23.41,23.96
225,25.35,23.68,22.62,23.73,23.39,23.15,24.37,24.76,24.45,21.51,25.53,24.27,24.29,22.83,23.96,25.36,24.91,24.09,22.1,21.96,23.03,26.35,22.83,25.07,24.14,24.55,24.51,24.49,23.44,23.86
226,25.83,23.54,22.66,24.0,23.08,22.96,24.35,24.68,24.8,21.41,25.41,24.19,24.1,22.84,24.46,25.29,24.72,23.95,21.88,21.72,23.29,26.29,23.13,25.05,24.04,24.56,24.41,24.4,23.39,23.95
227,26.17,23.56,22.69,24.09,22.79,23.19,23.94,24.43,24.81,21.29,25.27,23.97,24.0,22.84,24.71,25.27,24.37,23.73,21.8,21.49,23.58,26.07,23.21,24.98,23.98,24.54,24.36,24.26,23.3,24.02
228,26.45,23.36,22.66,24.02,22.98,23.14,23.91,24.27,24.5,21.29,25.28,23.87,23.91,22.82,24.82,25.13,24.3,23.71,21.92,21.41,23.78,25.84,23.3,24.81,23.94,24.43,24.46,24.2,23.3,23.99
229,26.3,23.24,22.4,24.11,23.38,22.99,23.51,24.34,24.22,21.41,25.33,23.93,23.59,22.84,24.87,24.9,24.28,23.76,22.08,21.43,23.96,25.63,23.32,24.57,23.98,24.21,24.71,24.2,23.16,23.87
230,26.26,23.21,22.06,24.1,23.2,22.91,23.29,24.25,24.04,21.49,25.21,23.89,23.4,22.86,24.71,24.65,24.35,23.69,22.42,21.49,23.97,25.51,23.25,24.39,24.09,24.07,24.93,24.24,22.84,23.77
231,26.2,23.35,21.6,23.75,23.09,22.71,23.01,24.03,24.11,21.51,24.93,23.74,23.34,22.81,24.57,24.6,24.63,23.7,22.7,21.6,23.97,25.5,23.21,24.23,24.19,24.06,25.01,24.34,22.65,23.63
232,26.3,23.7,21.42,23.44,23.0,22.56,22.7,24.04,24.3,21.37,24.84,23.58,23.25,22.63,24.33,24.62,24.68,23.72,22.85,21.87,23.65,25.61,23.3,24.16,24.26,24.04,25.17,24.41,22.69,23.32
233,26.03,23.75,21.18,23.74,22.85,22.3,22.46,23.96,24.44,21.13,24.78,23.51,22.94,22.42,23.97,24.47,24.36,23.74,23.06,22.13,23.28,25.7,23.44,24.02,24.27,24.08,25.41,24.38,22.68,22.94
234,25.54,23.84,20.98,23.9,22.79,22.11,22.44,24.19,24.42,20.97,24.56,23.6,22.8,22.44,23.67,24.22,24.03,23.84,23.06,22.38,23.24,25.52,23.32,23.81,24.07,24.21,25.56,24.31,22.57,22.68
235,25.57,23.83,20.83,24.16,22.77,22.1,22.29,23.96,24.33,20.93,24.24,23.66,23.06,22.7,23.43,24.03,23.85,23.97,22.91,22.49,23.38,25.33,23.11,23.72,23.83,24.36,25.62,24.31,22.48,22.65
236,25.4,24.02,20.66,23.83,22.78,22.16,22.2,23.7,24.21,20.94,24.05,23.63,23.14,23.06,23.31,23.9,23.6,24.01,22.91,22.55,23.25,25.11,22.92,23.63,23.57,24.49,25.64,24.34,22.41,22.67
237,25.24,23.99,20.51,23.53,22.77,22.15,21.64,23.58,24.06,20.96,23.95,23.47,22.93,23.05,23.33,23.83,23.36,24.06,22.94,22.77,23.0,25.07,22.72,23.68,23.37,24.61,25.71,24.4,22.33,22.85
238,25.13,24.43,20.54,23.47,22.73,22.46,22.2,23.46,24.05,21.22,23.92,23.28,22.84,22.67,23.17,23.73,23.24,24.13,23.03,22.92,22.67,25.23,22.6,23.85,23.18,24.58,25.8,24.37,22.32,23.1
239,25.01,24.11,20.66,23.81,22.87,23.21,22.89,23.45,23.92,21.57,23.72,23.08,23.05,22.46,22.69,23.71,23.17,24.02,23.21,22.82,22.27,25.45,22.55,24.15,22.84,24.4,25.86,24.32,22.25,23.45
240,24.6,23.77,20.75,24.0,23.28,22.98,23.03,23.21,23.79,21.72,23.63,22.7,23.38,22.45,22.2,23.91,23.19,23.82,23.49,22.66,22.22,25.52,22.47,24.21,22.59,24.32,25.86,24.32,22.26,23.69
241,24.48,23.67,20.72,24.01,22.77,22.74,23.01,23.4,23.64,21.78,23.59,22.29,23.66,22.46,21.81,24.25,23.18,23.67,23.79,22.65,22.6,25.5,22.38,24.19,22.48,24.31,25.81,24.31,22.3,23.66
242,24.39,24.0,20.72,23.88,22.28,22.53,22.79,23.3,23.47,21.86,23.28,22.06,23.43,22.4,21.54,24.6,23.16,23.7,23.98,22.7,22.88,25.49,22.34,24.08,22.37,24.2,25.58,24.16,22.16,23.56
243,24.61,23.98,20.81,23.68,21.83,22.27,22.85,23.3,23.27,21.88,22.9,21.84,23.0,22.42,21.42,24.9,23.35,23.68,23.82,22.73,23.08,25.4,22.18,24.01,22.29,24.06,25.26,24.05,21.98,23.53
244,24.4,24.08,20.88,23.54,21.71,22.66,22.49,23.07,22.91,21.97,22.71,21.29,22.83,22.72,21.45,24.95,23.72,23.68,23.53,22.76,23.47,25.09,21.79,24.25,22.19,24.0,24.88,23.99,22.0,23.44
245,23.99,23.97,20.81,23.49,21.99,23.91,22.43,22.99,22.52,22.16,22.7,20.34,22.81,22.94,21.51,24.89,24.27,23.69,23.33,22.92,23.8,24.68,21.26,24.6,22.03,23.93,24.65,23.94,22.14,23.27
246,23.79,23.75,20.61,23.43,22.06,23.91,22.34,23.01,22.36,22.25,22.68,19.9,22.86,23.02,21.65,24.52,24.75,23.72,23.03,23.09,24.09,24.36,20.83,24.86,21.94,23.79,24.45,23.87,22.42,23.03
247,23.53,24.07,20.53,22.97,22.77,23.68,22.53,22.99,22.14,22.33,22.65,20.49,23.09,23.11,21.89,23.7,24.8,23.77,22.9,23.21,24.24,24.2,20.75,25.27,21.86,23.63,24.2,23.76,22.86,22.82
248,23.68,24.05,20.54,22.77,22.83,23.59,22.34,23.0,21.9,22.61,22.55,20.92,23.57,23.05,22.05,22.84,24.36,23.7,22.79,23.31,24.36,24.19,20.66,25.64,21.84,23.48,23.89,23.58,23.26,22.66
249,23.97,23.95,20.25,23.17,22.89,22.68,22.17,23.13,21.8,22.7,22.58,21.02,23.87,22.7,22.06,22.32,23.75,23.62,22.64,23.12,24.56,24.31,20.54,25.61,21.8,23.21,23.67,23.39,23.45,22.54
250,23.81,23.7,19.86,23.08,22.87,21.9,22.26,23.6,21.77,22.5,22.69,21.0,23.85,22.39,22.01,21.87,23.03,23.71,22.61,23.01,24.68,24.59,20.43,25.22,21.75,22.92,23.55,23.32,23.27,22.33
251,23.11,23.42,19.9,22.65,22.89,21.3,22.48,23.66,21.84,22.24,22.78,21.13,23.51,22.14,21.95,21.46,22.2,23.68,22.6,22.98,24.59,24.93,20.25,24.62,21.68,22.7,23.34,23.39,22.98,21.99
252,22.49,23.1,19.71,22.09,22.82,21.52,22.32,23.76,21.93,21.86,22.82,21.2,23.07,21.94,21.89,20.97,21.65,23.43,22.75,22.88,24.15,24.96,20.14,23.85,21.6,22.4,23.08,23.49,22.65,21.65
253,22.06,22.82,19.73,21.98,22.17,21.83,22.1,24.14,21.9,21.42,22.85,21.13,22.58,21.69,21.86,20.68,21.44,23.17,23.08,22.67,23.64,24.85,20.05,23.01,21.74,22.13,22.87,23.44,22.39,21.47
254,22.02,22.77,19.74,21.33,21.88,22.01,22.0,23.73,21.85,21.24,22.93,20.94,22.04,21.49,21.82,20.56,21.3,22.99,23.04,22.32,23.21,24.63,20.04,22.3,22.03,21.89,22.71,23.2,22.27,21.49
255,21.26,23.04,19.73,21.56,21.9,21.96,22.09,23.46,21.78,21.34,22.94,20.72,21.68,21.36,21.72,20.37,21.19,22.73,22.64,21.77,22.49,24.38,20.24,22.09,21.88,21.63,22.62,22.87,22.1,21.53
256,21.21,22.96,19.82,21.57,21.89,22.02,21.55,22.6,21.59,21.52,22.8,20.51,21.53,21.34,21.63,20.31,21.09,22.58,22.11,21.16,21.79,24.26,20.47,22.22,21.56,21.49,22.61,22.6,21.87,21.55
257,21.26,22.44,19.99,21.87,21.54,22.22,21.19,22.56,21.4,21.66,22.67,20.25,21.42,21.25,21.64,20.36,20.95,22.47,21.68,20.64,21.51,24.17,20.61,22.46,21.39,21.27,22.6,22.41,21.78,21.57
258,21.41,21.88,20.16,21.8,21.33,21.97,21.05,22.55,21.6,21.6,22.54,20.06,21.13,21.09,21.6,20.44,20.62,22.24,21.33,20.41,21.46,23.98,20.77,22.68,21.35,20.97,22.55,22.26,21.76,21.63
259,21.03,21.34,20.5,21.73,21.01,21.25,20.88,22.57,21.7,21.49,22.37,20.0,20.75,20.86,21.39,20.34,20.2,22.02,20.9,20.26,21.56,23.72,21.08,22.87,21.39,20.75,22.55,22.22,21.72,21.75
260,20.62,20.81,20.37,21.84,20.63,20.52,20.82,22.23,21.69,21.31,22.13,19.94,20.59,20.76,21.14,20.02,19.82,21.88,20.71,20.12,21.66,23.55,21.44,22.93,21.38,20.64,22.66,22.32,21.69,21.8
261,20.4,20.29,20.31,21.77,20.43,19.95,20.76,22.44,21.57,20.85,22.03,19.83,20.62,20.7,21.0,19.82,19.63,21.69,20.52,19.94,21.6,23.52,21.75,22.95,21.39,20.46,22.7,22.38,21.54,21.84
262,20.33,19.86,20.42,21.95,20.43,19.56,20.56,22.27,21.31,20.49,22.02,19.66,20.72,20.64,20.96,19.79,19.64,21.41,20.39,19.83,21.34,23.52,22.13,22.81,21.44,20.24,22.63,22.34,21.42,21.91
263,20.17,19.87,20.14,21.84,20.38,19.92,20.31,22.35,20.93,20.32,21.99,19.47,20.69,20.54,20.92,19.73,19.65,21.01,20.31,19.7,21.13,23.62,22.51,22.71,21.57,20.01,22.5,22.27,21.38,22.03
264,19.8,19.18,19.97,21.72,19.98,19.88,19.76,22.35,20.7,20.28,22.05,19.4,20.62,20.43,20.88,19.71,19.61,20.75,20.07,19.62,21.03,23.63,22.73,22.72,21.78,19.79,22.13,22.13,21.36,22.14
265,19.3,19.19,19.38,21.6,19.57,19.67,19.41,22.3,20.46,20.34,21.98,19.29,20.65,20.34,20.81,19.81,19.58,20.36,19.82,19.6,20.94,23.6,22.95,22.31,21.85,19.6,21.52,21.86,21.32,22.24
266,18.87,19.03,19.13,21.63,19.91,19.5,19.29,22.07,20.08,20.51,21.75,19.02,20.7,20.3,20.7,19.95,19.58,19.69,19.6,19.01,20.97,23.62,23.28,21.72,21.54,19.44,20.86,21.52,21.26,22.32
267,18.5,18.88,19.02,21.34,18.98,19.31,19.0,21.76,19.82,20.6,21.42,18.77,20.79,20.26,20.58,20.05,19.56,19.12,19.54,19.02,20.96,23.54,23.64,21.47,21.24,19.35,20.35,21.19,21.15,22.25
268,18.33,18.78,18.59,21.08,18.99,19.08,18.61,21.1,19.56,20.53,21.13,18.65,20.86,20.25,20.44,19.9,19.49,18.87,19.51,19.15,20.89,23.13,23.84,21.36,21.06,19.42,20.12,20.6,21.03,22.09
269,18.17,18.62,18.47,21.18,18.68,18.91,18.21,20.91,19.28,20.3,20.92,18.64,20.75,20.36,20.22,19.57,19.4,18.63,19.45,19.33,20.73,22.77,24.04,21.06,20.9,19.59,19.97,19.96,20.85,21.92
270,18.28,18.47,18.46,21.03,19.57,18.88,17.74,20.68,18.95,20.13,20.88,18.55,20.61,20.31,19.96,19.13,19.32,18.4,19.41,19.5,20.48,22.4,23.83,20.75,20.84,19.71,19.84,19.37,20.67,21.71
271,17.95,18.29,18.32,20.72,19.82,18.02,17.36,20.8,18.46,20.01,20.83,18.29,20.5,19.99,19.64,18.58,19.08,18.17,19.43,19.65,20.22,22.03,23.02,20.61,20.86,19.7,19.73,18.87,20.48,21.4
272,18.18,18.13,18.26,20.31,19.56,17.85,17.35,20.69,17.99,19.93,20.58,18.02,20.44,19.75,19.06,18.3,18.62,18.11,19.45,19.83,20.09,21.83,22.05,20.5,20.82,19.62,19.68,18.66,20.3,21.23
273,18.34,17.98,18.07,20.12,18.9,17.46,17.29,20.75,17.59,19.78,20.27,17.75,20.45,19.56,18.36,18.14,18.14,18.05,19.48,19.68,19.76,21.54,21.22,20.34,20.84,19.43,19.62,18.52,20.33,21.08
274,18.04,18.0,17.86,19.96,18.07,17.6,17.37,20.72,16.95,19.69,20.1,17.43,20.44,19.31,17.87,18.05,17.61,17.93,19.56,19.32,19.33,21.03,20.75,20.23,20.96,19.09,19.6,18.23,20.58,21.03
275,18.14,18.36,17.8,19.58,17.78,18.05,17.31,20.75,16.38,19.54,20.13,17.27,20.45,18.89,17.5,17.87,17.22,17.83,19.68,19.13,18.69,20.49,20.47,20.05,20.71,18.71,19.62,17.93,20.91,20.98
276,18.01,18.09,17.78,19.07,17.55,17.8,17.11,20.53,16.02,19.33,20.35,17.26,20.36,18.43,17.13,17.43,17.03,17.82,19.66,19.03,18.09,20.17,20.39,19.93,20.1,18.3,19.64,17.79,21.11,20.87
277,17.71,17.71,17.72,18.57,17.3,17.63,16.85,20.27,15.71,19.15,20.51,17.16,20.48,18.08,16.78,16.99,17.03,17.84,19.53,18.68,17.64,20.04,20.39,19.81,19.57,17.94,19.69,17.7,21.2,20.69
278,17.44,17.48,17.8,18.0,17.05,17.54,16.51,20.16,15.51,18.86,20.48,16.95,20.92,17.97,16.48,16.76,17.04,17.9,19.34,18.01,17.52,20.01,20.32,19.75,19.24,17.61,19.68,17.65,21.06,20.56
279,17.16,17.4,17.7,18.13,16.5,17.2,16.1,20.32,15.47,18.45,20.37,16.78,21.23,17.96,16.28,16.66,17.13,17.8,19.17,17.29,17.53,20.0,20.33,19.89,18.94,17.4,19.68,17.56,20.69,20.46
280,16.99,17.2,17.89,17.77,16.51,16.84,15.67,19.61,15.53,18.14,20.23,16.76,21.57,17.8,16.06,16.65,17.26,17.45,19.05,16.82,17.56,20.02,20.36,20.06,18.64,17.23,19.78,17.24,20.39,20.26
281,16.96,16.95,18.32,17.83,16.16,16.47,15.47,19.34,15.49,17.94,19.89,16.74,21.74,17.58,15.85,16.65,17.42,16.99,19.05,16.48,17.58,20.06,20.23,20.25,18.53,17.1,19.88,16.82,19.95,20.02
282,17.04,16.72,18.21,17.95,16.17,16.11,15.1,19.01,15.58,17.87,19.45,16.78,21.48,17.44,15.72,16.6,17.54,16.66,18.97,16.25,17.49,19.92,19.96,20.4,18.48,17.05,19.86,16.52,19.3,19.73
283,16.61,16.49,17.99,17.81,16.18,15.72,14.98,18.68,15.88,17.75,19.11,16.7,21.05,17.4,15.52,16.54,17.5,16.48,18.82,16.04,17.42,19.62,19.87,20.32,18.41,16.99,19.72,16.33,18.66,19.44
284,16.72,16.26,17.69,17.89,16.6,15.35,14.88,18.47,16.04,17.63,18.67,16.51,20.64,17.45,15.31,16.51,17.4,16.23,18.69,15.91,17.44,19.34,19.64,20.06,18.21,16.95,19.58,16.22,17.98,19.12
285,17.03,16.09,17.77,17.93,16.03,15.15,14.9,18.33,15.97,17.51,18.18,16.11,19.98,17.4,14.99,16.43,17.26,15.82,18.66,15.83,17.37,19.16,19.26,19.47,17.81,16.88,19.6,16.11,17.61,18.85
286,17.24,15.96,17.87,17.99,15.92,15.0,14.92,18.22,15.94,17.43,17.86,15.55,19.21,17.41,14.59,16.31,16.96,15.45,18.58,15.78,17.19,19.01,18.99,18.63,17.48,16.83,19.58,15.79,17.36,18.63
287,16.89,15.91,17.69,17.57,15.75,14.94,15.01,18.04,15.86,17.42,17.66,14.9,18.76,17.4,14.09,16.19,16.61,15.24,18.45,15.73,16.9,18.8,18.84,18.1,17.19,16.83,19.52,15.46,16.68,18.41
288,16.27,15.79,17.36,17.16,16.08,14.98,14.77,17.33,15.64,17.32,17.47,14.45,18.65,17.29,13.59,16.05,16.12,15.23,18.31,15.66,16.66,18.56,18.64,17.71,16.89,16.71,19.24,15.21,16.12,18.0
289,15.7,15.58,17.17,17.22,15.51,15.08,14.39,16.98,15.35,17.24,17.18,14.32,18.35,17.14,13.16,15.97,15.72,15.09,18.23,15.55,16.34,18.41,18.4,17.1,16.69,16.47,18.85,14.97,15.77,17.54
290,15.56,15.58,16.84,17.09,15.33,15.17,14.0,16.6,15.07,16.97,16.86,14.44,18.02,16.94,12.95,15.87,15.49,15.02,18.12,15.33,15.84,18.45,18.21,16.57,16.32,16.16,18.55,14.72,15.37,17.16
291,15.43,15.96,16.52,16.9,15.13,15.27,13.94,16.28,14.78,16.52,16.72,14.3,17.82,16.72,12.87,15.77,15.33,14.8,17.94,15.03,15.26,18.58,18.08,16.0,15.91,16.0,18.33,14.24,15.2,16.98
292,14.92,15.94,16.28,16.74,15.07,15.36,13.58,15.94,14.54,15.81,16.58,13.79,17.64,16.54,12.8,15.68,14.99,14.5,17.67,14.74,15.01,18.55,17.97,15.65,15.71,16.01,18.22,13.66,15.1,16.93
293,14.69,15.63,15.97,16.77,14.97,15.12,13.53,15.63,14.44,15.3,16.41,13.08,17.56,16.41,12.72,15.44,14.48,14.31,17.21,14.49,15.0,18.47,17.95,15.21,15.62,15.99,18.18,13.24,14.94,16.94
294,14.54,15.35,15.47,16.22,14.7,15.09,13.45,15.61,14.31,14.75,16.24,12.8,17.53,16.16,12.78,15.22,14.04,14.27,16.77,14.36,14.97,18.34,17.96,14.57,15.5,15.84,18.1,13.08,14.76,16.92
295,14.33,15.08,15.05,15.87,14.29,14.89,13.57,15.32,14.1,14.37,15.89,12.49,17.51,15.71,12.76,15.01,13.84,14.24,16.21,14.29,14.84,17.95,17.91,13.98,15.3,15.61,17.91,13.17,14.61,16.86
296,14.3,14.82,14.69,15.46,13.92,14.81,13.75,14.95,13.81,14.15,15.5,12.12,17.27,15.26,12.67,14.86,13.76,14.33,15.55,14.27,14.76,17.45,17.83,13.76,15.06,15.45,17.53,13.28,14.58,16.81
297,14.03,14.53,14.33,15.15,13.55,14.75,13.96,14.53,13.55,14.09,15.1,11.83,16.77,15.04,12.59,14.78,13.66,14.62,14.92,14.22,14.68,17.06,17.54,13.68,14.88,15.5,17.23,13.4,14.7,16.68
298,13.71,14.21,13.97,15.04,13.3,14.86,13.52,14.13,13.47,14.1,14.58,11.65,16.45,14.84,12.55,14.69,13.6,14.97,14.11,14.14,14.57,16.82,17.12,13.44,14.73,15.32,17.0,13.39,14.78,16.49
299,13.79,14.16,13.61,14.85,13.13,14.99,12.98,13.85,13.32,14.11,14.06,11.48,16.22,14.46,12.54,14.63,13.43,15.07,13.65,14.07,14.47,16.43,16.75,13.3,14.58,14.89,16.6,13.3,14.87,16.25
300,13.66,13.64,13.19,14.85,12.86,15.2,12.42,13.57,13.05,14.15,13.78,11.21,15.88,13.98,12.53,14.61,13.11,15.0,13.32,13.99,14.39,16.05,16.6,12.98,14.47,14.4,16.2,13.22,15.0,16.05
301,13.36,12.82,12.8,14.6,12.83,15.2,11.92,13.3,12.74,14.16,13.66,10.97,15.67,13.4,12.44,14.5,12.84,14.87,13.18,13.93,14.21,15.64,16.62,12.63,14.46,13.82,16.01,13.15,14.94,15.84
302,13.13,12.5,12.34,14.4,13.08,14.92,11.46,12.89,12.5,14.11,13.62,10.93,15.35,12.8,12.31,14.13,12.7,14.63,13.06,13.77,13.97,15.1,16.34,12.31,14.43,13.43,15.7,13.19,14.62,15.68
303,12.9,13.75,12.62,14.41,13.23,14.45,11.29,12.5,12.4,14.09,13.54,10.86,15.17,12.32,12.23,13.61,12.61,14.32,13.04,13.58,13.73,14.85,15.86,12.25,14.37,13.12,15.24,13.17,14.18,15.6
304,12.67,13.53,12.55,14.28,13.03,14.12,11.17,12.08,12.41,14.12,13.4,10.67,15.01,12.12,12.11,13.25,12.59,13.77,12.99,13.35,13.6,14.66,15.24,12.22,14.24,12.89,15.02,13.14,13.79,15.52
305,12.43,13.12,12.37,14.37,12.61,14.08,11.12,11.79,12.43,13.99,13.25,10.41,14.74,12.09,11.99,12.92,12.62,13.22,12.82,12.98,13.55,14.55,14.68,12.1,13.99,12.83,14.79,13.13,13.42,15.47
306,12.19,12.63,12.15,14.19,12.29,13.81,11.18,11.43,12.46,13.72,13.14,10.21,14.52,12.07,11.92,12.65,12.59,12.45,12.6,12.59,13.64,14.51,13.94,11.74,13.67,12.64,14.37,13.13,13.01,15.42
307,11.95,12.24,11.97,13.72,11.94,13.75,11.27,11.17,12.41,13.43,13.04,10.07,14.35,12.09,11.81,12.46,12.52,11.82,12.42,12.31,13.85,14.5,13.63,11.45,13.31,12.29,13.94,13.2,12.69,15.3
308,11.67,11.85,11.79,13.3,11.7,13.94,11.2,10.97,12.35,13.22,12.94,9.96,14.21,12.15,11.61,12.3,12.42,11.37,12.33,11.98,14.03,14.43,13.4,11.34,12.96,12.1,13.68,13.18,12.44,15.23
309,11.38,11.55,11.61,12.96,11.44,14.09,10.95,10.78,12.14,13.02,12.85,9.9,14.05,12.31,11.42,12.02,12.44,10.74,12.2,11.65,14.02,14.4,13.17,11.33,12.58,12.09,13.57,13.21,12.33,15.26
310,11.15,11.42,11.41,12.63,11.41,14.19,10.78,10.53,11.88,12.66,12.83,9.92,13.98,12.43,11.36,11.73,12.36,10.33,11.99,11.36,13.7,14.35,13.0,11.32,12.34,12.07,13.51,13.34,12.26,15.32
311,11.1,11.3,11.21,12.3,11.19,14.18,10.78,10.4,11.74,12.48,12.81,9.96,13.83,12.47,11.47,11.58,12.28,10.26,11.7,11.09,13.33,14.38,12.95,11.24,11.76,12.03,13.42,13.38,12.08,15.27
312,11.05,11.08,11.02,11.93,11.18,14.11,10.7,10.21,11.45,12.37,12.74,9.96,13.55,12.36,11.6,11.56,12.2,10.23,11.38,10.98,13.15,14.45,12.91,11.06,10.64,12.17,13.41,13.27,11.9,15.13
313,10.88,10.72,10.72,11.67,11.21,13.91,10.49,10.19,11.11,12.16,12.55,9.97,13.05,12.22,11.55,11.62,12.04,10.2,11.02,10.95,13.09,14.36,12.78,10.56,10.05,12.37,13.38,13.21,11.74,14.96
314,10.62,10.43,10.54,11.43,11.18,13.64,10.37,10.29,10.91,11.79,12.24,9.9,12.54,12.14,11.31,11.64,11.78,10.21,10.64,10.97,12.99,14.07,12.52,10.18,9.66,12.47,13.26,13.2,11.6,14.79
315,10.33,10.19,10.33,11.14,11.17,13.3,10.24,10.38,10.87,11.52,12.1,9.86,12.23,11.97,11.17,11.6,11.41,10.26,10.32,11.01,12.83,13.86,12.17,9.86,9.17,12.53,13.17,13.23,11.49,14.66
316,10.03,9.97,10.08,11.04,11.11,12.95,10.15,10.35,10.83,11.26,12.06,9.78,12.05,11.76,11.14,11.59,11.12,10.27,9.99,10.93,12.71,13.66,11.9,9.67,8.79,12.42,13.03,13.13,11.41,14.47
317,9.73,9.73,9.8,10.88,11.08,12.65,9.97,10.22,10.71,11.02,11.97,9.6,11.91,11.57,11.09,11.56,11.06,10.04,9.75,10.68,12.39,13.37,11.54,9.51,8.54,12.26,12.97,12.87,11.44,14.34
318,9.4,9.44,9.5,10.72,10.94,12.3,9.9,9.8,10.53,10.84,11.78,9.4,11.81,11.25,11.12,11.39,10.98,9.71,9.61,10.42,11.98,13.21,11.11,8.89,8.3,12.09,12.83,12.39,11.49,
319,9.07,9.07,9.2,10.5,10.62,11.95,9.79,9.6,10.33,10.64,11.54,9.24,11.64,10.94,11.11,11.14,10.81,9.46,9.5,10.18,11.8,13.1,10.86,8.52,8.13,11.87,12.56,11.96,11.46,
320,8.74,8.8,8.92,10.3,10.41,11.53,9.87,9.37,10.17,10.57,11.13,9.11,11.37,10.6,10.92,11.08,10.6,9.36,9.33,9.9,11.79,12.84,10.69,8.25,8.03,11.74,12.2,11.2,11.35,
321,8.42,8.71,8.63,10.22,10.1,11.17,10.0,9.16,9.96,10.58,10.58,8.93,11.01,9.87,10.72,10.99,10.32,9.34,9.3,9.47,11.76,12.6,10.31,7.87,7.92,11.53,11.91,10.28,11.21,
322,8.1,8.55,8.32,10.21,9.83,10.89,10.05,8.94,9.78,10.56,10.1,8.79,10.56,9.02,10.59,10.83,10.11,9.3,9.15,8.85,11.67,12.53,9.88,7.68,7.86,11.12,11.43,9.44,11.07,
323,7.83,8.45,8.06,10.05,9.55,10.58,9.91,8.79,9.72,10.51,9.86,8.67,10.15,8.54,10.49,10.6,9.95,9.36,8.91,8.19,11.55,12.56,9.51,7.55,7.79,10.63,10.89,8.81,10.97,
324,7.61,8.24,7.82,9.87,9.5,10.27,9.77,8.56,9.7,10.5,9.74,8.58,9.67,8.34,10.38,10.5,9.81,9.39,8.76,7.5,11.36,12.53,9.47,7.4,7.7,10.31,10.58,8.33,10.87,
325,7.37,8.0,7.63,9.66,9.46,9.97,9.66,8.4,9.64,10.48,9.62,8.57,9.39,7.91,10.25,10.37,9.67,9.38,8.68,6.95,11.17,12.29,9.48,7.24,7.59,10.18,10.33,8.06,10.77,
326,7.11,7.77,7.44,9.49,9.63,9.62,9.47,8.18,9.57,10.51,9.57,8.67,9.35,7.68,10.17,10.26,9.53,9.41,8.5,6.46,10.78,11.81,9.24,7.04,7.44,10.08,10.11,7.97,10.53,
327,6.82,7.55,7.28,9.45,9.63,9.28,9.47,7.99,9.51,10.47,9.43,8.7,9.31,7.5,10.13,9.99,9.4,9.46,8.25,6.54,10.33,11.27,8.99,6.93,7.36,9.82,9.66,7.95,10.18,
328,6.6,7.36,7.16,9.34,9.59,8.88,9.47,7.76,9.41,10.38,9.23,8.67,9.01,7.36,10.07,9.72,9.33,9.42,7.91,6.48,9.98,10.92,8.9,6.92,7.34,9.43,9.53,7.95,9.86,
329,6.45,7.17,7.02,9.06,9.49,8.42,9.45,7.56,9.2,10.19,8.94,8.65,8.83,7.1,9.93,9.37,9.3,9.27,7.53,6.24,9.86,10.7,8.84,6.88,7.33,9.25,9.38,7.97,9.57,
330,6.33,6.96,6.93,8.99,9.4,8.06,9.43,7.34,9.0,9.97,8.66,8.59,8.64,6.8,9.74,8.91,9.27,9.01,7.14,6.0,9.83,10.38,8.71,6.83,7.33,8.87,9.07,8.06,9.39,
331,6.22,6.78,6.81,8.98,9.36,7.75,9.41,7.12,8.77,9.74,8.52,8.56,8.34,6.57,9.55,8.65,9.16,8.7,6.75,5.71,9.72,9.93,8.66,6.73,7.33,8.5,8.64,8.12,9.27,
332,6.11,6.66,6.7,9.04,9.11,7.45,9.41,6.85,8.46,9.48,8.5,8.54,8.06,6.41,9.42,8.49,8.97,8.31,6.06,5.43,9.56,9.66,8.7,6.61,7.28,8.86,8.35,8.01,8.89,
333,5.85,6.2,6.55,9.02,8.89,7.16,9.38,6.57,8.19,9.18,8.47,8.49,7.79,6.28,9.34,8.4,8.75,7.94,5.9,5.24,9.4,9.61,8.62,6.49,7.17,9.04,8.14,7.83,8.32,
334,5.64,5.96,6.47,9.09,8.48,6.89,9.36,6.31,7.94,8.95,8.19,8.12,7.55,6.16,9.19,8.32,8.6,7.68,5.79,5.1,9.3,9.5,8.48,6.39,7.03,9.01,8.0,7.58,7.99,
335,5.53,5.74,6.4,9.15,8.14,6.63,9.35,5.96,7.51,8.79,6.91,7.83,7.39,6.08,9.21,8.02,8.55,7.65,5.62,4.98,9.22,9.41,8.33,6.43,6.85,8.85,7.93,7.27,7.96,
336,5.54,5.62,6.34,9.17,8.07,6.33,9.33,5.58,7.21,8.67,6.62,7.56,7.25,6.03,8.9,7.67,8.42,7.63,5.69,4.89,9.06,9.32,8.22,6.45,6.64,8.51,7.88,7.05,7.93,
337,5.62,5.53,6.29,9.17,8.03,5.76,9.09,5.21,7.06,8.47,6.04,7.25,6.92,5.88,8.7,7.33,8.22,7.61,5.61,4.87,8.89,9.18,8.14,6.35,6.34,8.29,7.75,6.88,7.7,
338,5.57,5.43,6.19,9.15,7.98,5.69,9.16,4.94,6.98,8.05,5.38,6.78,6.51,5.72,8.46,6.93,8.02,7.52,5.5,4.83,8.75,8.99,8.11,6.01,6.12,8.17,7.62,6.76,7.4,
339,5.37,5.34,6.0,9.11,7.95,5.71,9.37,4.71,6.89,7.87,5.12,6.33,6.17,5.59,8.2,6.53,7.75,7.53,5.42,4.8,8.63,8.76,8.0,5.7,5.92,8.12,7.53,6.72,7.21,
340,5.09,5.35,5.72,9.08,7.9,5.72,9.38,4.54,6.65,7.83,4.37,5.98,5.89,5.45,7.89,6.11,7.42,7.49,5.34,4.85,8.52,8.56,7.83,5.46,5.7,8.06,7.41,6.71,7.04,
341,4.77,5.28,5.52,9.02,7.86,5.72,9.01,4.28,6.55,7.74,4.21,5.72,5.77,5.26,7.61,5.73,7.21,7.38,5.18,4.86,8.46,8.44,7.57,5.29,5.6,7.91,7.28,6.64,7.0,
342,4.38,5.21,5.38,8.96,7.98,5.78,8.83,4.07,6.51,7.67,4.11,5.57,5.58,5.09,7.25,5.4,7.06,7.2,4.97,4.83,8.4,8.39,7.2,5.17,5.52,7.66,7.12,6.6,7.02,
343,3.76,5.14,5.24,9.1,7.78,5.37,8.56,3.91,6.51,7.47,3.89,5.49,4.25,4.99,6.65,4.94,6.82,7.02,4.77,4.76,8.37,8.11,7.01,5.07,5.42,7.4,6.99,6.54,6.98,
344,3.34,5.04,5.1,8.73,7.65,5.25,8.28,3.96,6.49,7.2,3.74,5.48,4.12,4.94,6.18,4.77,6.67,6.88,4.56,4.66,8.35,7.88,6.86,4.98,5.24,7.14,6.94,6.47,6.84,
345,3.0,4.93,4.96,8.56,7.52,5.13,8.27,3.75,6.28,6.84,3.62,5.53,3.71,4.84,5.82,4.67,6.62,6.76,4.31,4.58,8.39,7.31,6.62,4.93,5.14,7.0,6.9,6.39,6.71,
346,2.71,4.87,4.76,8.42,7.42,5.03,8.57,3.76,5.38,6.42,3.67,5.53,3.63,4.61,5.61,4.57,6.57,6.71,3.92,4.54,8.42,6.24,6.23,4.84,5.07,6.95,6.85,6.24,6.65,
347,2.44,4.85,4.57,8.24,7.27,4.76,8.42,3.71,5.05,5.99,3.33,5.45,3.5,4.62,5.61,4.39,6.5,6.68,3.44,4.41,8.4,5.81,5.64,4.75,5.02,6.95,6.88,6.12,6.59,
348,2.19,4.92,4.58,8.18,7.11,4.54,8.2,3.64,4.8,5.86,3.28,5.4,3.4,4.34,5.53,4.15,6.47,6.65,3.1,4.31,8.42,5.41,5.1,4.76,4.83,6.85,6.84,6.05,6.58,
349,2.01,4.94,4.5,7.79,6.94,4.59,8.02,3.56,4.49,5.79,3.25,5.34,3.27,4.2,5.19,4.0,6.44,6.56,2.92,4.21,8.36,5.16,4.72,4.8,4.54,6.67,6.81,5.91,6.66,
350,1.73,4.94,4.48,7.74,6.73,4.11,7.9,3.49,4.36,5.78,3.23,5.33,3.09,4.13,4.96,2.86,6.37,6.48,2.53,4.11,8.25,4.78,4.47,4.84,4.32,6.56,6.82,5.85,6.66,
351,1.57,4.91,4.55,7.62,6.53,3.96,7.8,3.4,4.1,5.68,3.23,5.31,2.98,2.43,3.74,3.46,6.22,6.48,2.27,3.98,8.09,4.12,4.14,4.8,4.18,6.47,6.8,5.75,6.61,
352,1.5,4.84,4.06,7.35,6.33,3.63,7.66,3.31,3.99,5.09,3.18,5.24,1.93,2.43,3.62,3.26,6.06,6.43,2.1,3.88,7.82,3.85,4.18,4.68,4.05,6.3,6.7,5.6,6.48,
353,1.44,4.69,3.9,7.02,6.31,3.36,7.52,3.27,3.9,4.8,3.13,5.19,1.91,2.39,3.5,3.19,5.99,6.34,2.31,3.83,7.49,3.73,4.1,4.64,3.93,6.09,6.51,4.96,6.25,
354,1.4,4.55,3.73,6.69,6.12,3.15,7.34,3.21,3.87,4.44,3.38,5.21,2.87,2.37,3.38,2.73,6.02,6.2,2.26,3.78,7.29,3.71,4.08,4.58,3.9,5.89,6.34,4.46,6.07,
355,1.36,4.41,3.57,6.35,5.88,2.97,7.14,3.16,3.87,4.15,2.75,5.22,2.87,2.36,3.24,1.68,6.04,6.04,2.22,3.77,7.38,3.68,4.06,4.59,3.92,5.76,6.29,4.36,6.07,
356,1.33,4.28,3.45,6.0,5.44,2.83,6.87,3.12,3.9,3.92,2.7,5.21,2.8,2.33,3.09,2.22,5.88,5.87,2.29,3.79,7.51,3.69,4.03,4.57,3.96,5.48,6.26,4.26,6.07,
357,1.3,4.15,3.38,5.66,5.11,1.35,6.69,3.09,3.85,3.89,2.2,5.21,2.71,2.29,2.95,1.46,5.7,5.72,2.28,3.82,7.61,3.62,3.9,4.53,4.03,5.33,6.22,4.07,6.02,
358,1.26,4.03,3.29,5.34,4.8,1.12,6.3,3.06,3.8,3.76,1.99,5.19,2.62,1.36,3.19,2.2,5.59,5.62,2.25,3.9,7.59,3.55,3.74,4.44,4.03,5.13,6.06,3.49,5.9,
359,1.23,3.92,3.19,5.09,4.38,0.98,5.87,3.0,3.79,3.22,1.91,5.18,2.3,1.34,3.11,1.85,5.53,5.46,2.17,3.98,7.5,3.57,3.56,4.32,4.04,4.95,5.92,2.59,5.79,
360,1.2,3.67,3.09,4.71,4.13,0.9,5.52,2.91,3.77,2.98,1.93,5.13,2.28,1.69,3.04,1.54,5.52,5.26,2.17,4.03,7.33,3.61,3.37,4.18,4.09,4.71,5.76,2.31,5.64,
361,1.1,3.46,3.01,4.46,3.89,0.79,5.2,2.73,3.74,2.66,1.91,5.05,2.35,1.67,3.01,1.52,5.43,5.05,2.13,3.94,6.94,3.67,3.02,4.1,4.09,4.51,5.46,2.2,5.66,
362,1.03,3.28,2.94,4.28,3.67,0.67,4.86,2.64,3.73,2.57,1.9,4.97,2.3,1.7,2.98,1.18,5.23,4.83,2.22,3.76,6.57,3.63,2.66,4.13,4.05,4.3,5.29,2.13,5.69,
363,0.99,3.12,2.87,4.2,3.4,0.71,4.56,2.56,3.75,2.39,2.13,4.92,2.27,1.17,2.93,1.5,4.97,4.6,2.21,3.64,6.14,3.44,2.04,4.07,4.03,4.16,5.18,2.43,5.7,
364,0.97,2.99,2.8,4.09,3.05,0.2,4.27,2.5,3.76,2.44,1.93,4.93,2.22,1.17,2.92,0.79,4.8,4.24,2.14,3.53,5.79,3.24,1.53,4.03,4.01,4.07,4.97,2.46,5.7,
365,0.95,2.88,2.67,3.81,2.99,0.2,3.96,2.42,3.74,2.54,1.92,5.02,2.09,1.13,2.54,0.78,4.72,3.9,2.07,3.4,5.55,3.18,1.39,4.01,3.91,4.03,4.82,2.41,5.68,
366,,2.79,,,,0.2,,,,2.53,,,,1.07,,,,3.59,,,,3.09,,,,3.97,,,,
