startdate_extracted,startdate_standard,year,month,season,mean_ci,median_ci,std_ci,min_ci,max_ci,mean_dn,median_dn,std_dn,min_dn,max_dn
2009046,2009-02-15,2009,2,1,0.0005048674830098632,0.0005048674830098632,0.0,0.0005048674830098632,0.0005048674830098632,76.0,76.0,0.0,76,76
2009074,2009-03-15,2009,3,2,0.00020434296286780398,0.00020434296286780398,4.604497301806934e-05,0.00015829798984973465,0.00025038793588587333,41.5,41.5,8.5,33,50
2009081,2009-03-22,2009,3,2,0.00022781918968360488,0.00013832650370691914,0.00017954682664099333,6.677707623479695e-05,0.00047835398910909855,34.333333333333336,28.0,30.13672547278855,1,74
2009088,2009-03-29,2009,3,2,0.000517461676097098,0.0004532328711930874,0.00034885462858242727,0.00012417935507239513,0.001263145560429136,68.57142857142857,72.0,25.578211390931614,24,110
2009095,2009-04-05,2009,4,2,0.00171476173140305,0.0011604608188403014,0.0014885812945044851,0.00015829798984973465,0.004610259803284842,103.2,106.0,40.15420276882608,33,158
2009102,2009-04-12,2009,4,2,0.0012883179814228377,0.0005944194411334558,0.00163981582945176,0.00044117145029042725,0.005568309930770164,94.25,82.0,29.587793091070512,71,165
2009109,2009-04-19,2009,4,2,0.0004532328711930874,0.0004532328711930874,0.0,0.0004532328711930874,0.0004532328711930874,72.0,72.0,0.0,72,72
2009116,2009-04-26,2009,4,2,0.00042943100759441867,0.00042943100759441867,0.0,0.00042943100759441867,0.00042943100759441867,70.0,70.0,0.0,70,70
2009123,2009-05-03,2009,5,2,0.0014325136228809333,0.0014325136228809333,0.0001348342542109598,0.0012976793686699736,0.0015673478770918932,114.5,114.5,3.5,111,118
2009130,2009-05-10,2009,5,2,0.0018020837551139199,0.0012295307649586363,0.0019916242844792843,6.860273023526938e-05,0.010637985646376327,103.2177033492823,109.0,42.00590038854861,2,189
2009137,2009-05-17,2009,5,2,0.011717908924995957,0.012848647071018005,0.0031625303876109067,0.00015829798984973465,0.017286672330235658,189.8618925831202,196.0,18.281161757134246,33,207
2009144,2009-05-24,2009,5,2,0.009291182118869057,0.01021710586248868,0.0042296658038328775,6.860273023526938e-05,0.017286672330235658,176.78953229398664,187.5,28.999485856811752,2,207
2009151,2009-05-31,2009,5,2,0.010138757093415135,0.012173890749379723,0.004439871292390862,6.677707623479695e-05,0.01551870222835037,177.55563743551951,194.0,36.48180262677217,1,203
2009158,2009-06-07,2009,6,3,0.011712323089426383,0.012848647071018005,0.004025858134315908,6.860273023526938e-05,0.02203623524596353,187.78102766798418,196.0,24.640086633362912,2,216
2009165,2009-06-14,2009,6,3,0.012456601626013187,0.014312430803509307,0.004227964705981131,0.00010281379740098532,0.019782510276304014,189.6027713625866,200.0,26.675379110185638,17,212
2009172,2009-06-21,2009,6,3,0.011516025513479395,0.012848647071018005,0.005970886881957731,7.047829676137728e-05,0.019782510276304014,178.56837891927952,196.0,43.299719836651036,3,212
2009179,2009-06-28,2009,6,3,0.012317573120885116,0.011534569761210737,0.002878036036344741,0.006372258716007311,0.020323354845454233,193.45384615384614,192.0,8.513438732571842,170,213
2009186,2009-07-05,2009,7,3,0.011635591766981649,0.014703725960862944,0.006206204571972495,6.677707623479695e-05,0.020323354845454233,178.32844036697247,201.0,43.75748168459815,1,213
2009193,2009-07-12,2009,7,3,0.00907224772224705,0.008573287741366752,0.006609618195384617,6.677707623479695e-05,0.04209915704428271,163.97859327217125,181.0,48.24246229892623,1,240
2009200,2009-07-19,2009,7,3,0.007632742245822963,0.007491648628402593,0.004051041996679916,0.00020179081761101134,0.02389347957106892,170.10178817056396,176.0,24.960504363803043,42,219
2009207,2009-07-26,2009,7,3,0.0059670449677133915,0.005135484230830132,0.0041542969566683045,6.677707623479695e-05,0.016378849789041684,154.26256983240222,162.0,37.982948819932,1,205
2009214,2009-08-02,2009,8,3,0.00513431658563669,0.0022864483748491924,0.005816167719761346,6.677707623479695e-05,0.022638695600632062,127.23715341959334,132.0,58.90190274028192,1,217
2009221,2009-08-09,2009,8,3,0.004571581070075651,0.0031603079234173324,0.004391766534436359,6.677707623479695e-05,0.03045828176842181,136.34099498650212,144.0,46.068655033167154,1,228
2009228,2009-08-16,2009,8,3,0.004382857183432451,0.001997981211887043,0.0050160459440356095,6.677707623479695e-05,0.020323354845454233,119.9585720581754,127.0,60.324238155347835,1,213
2009235,2009-08-23,2009,8,3,0.006359355554414014,0.004368148557683102,0.00651649745932562,6.677707623479695e-05,0.039888288289443304,147.65006426735218,156.0,47.11153532757471,1,238
2009242,2009-08-30,2009,8,3,0.005554075451020607,0.0033354727736323755,0.006570806134849318,6.677707623479695e-05,0.05977992970248461,138.69263119400256,146.0,50.181847251476405,1,253
2009249,2009-09-06,2009,9,4,0.0052626631104141855,0.0026165642298072124,0.006155963470812942,6.677707623479695e-05,0.04209915704428271,133.35865980741326,137.0,53.190413890061265,1,240
2009256,2009-09-13,2009,9,4,0.005068414168311142,0.002479153400069546,0.00571820444848962,6.677707623479695e-05,0.029647726798272152,129.62140391254314,135.0,56.44632642238311,1,227
2009263,2009-09-20,2009,9,4,0.0014409512456622542,0.000938856894793467,0.0015343893034399907,6.677707623479695e-05,0.011227612102877545,94.0234015879649,99.0,42.87021926412199,1,191
2009270,2009-09-27,2009,9,4,0.006213026819521803,0.0022256014725742872,0.007014882755199084,6.677707623479695e-05,0.020323354845454233,129.02025586353943,131.0,64.34607878895015,1,213
2009277,2009-10-04,2009,10,4,0.010482892156164783,0.011849919498210883,0.00689762551867396,6.677707623479695e-05,0.021449807549949466,165.65824468085106,193.0,57.19477463768019,1,215
2009284,2009-10-11,2009,10,4,0.01043343102057538,0.011227612102877545,0.004769154486351641,6.860273023526938e-05,0.01874361693655935,178.82901554404145,191.0,36.411936790385745,2,210
2009291,2009-10-18,2009,10,4,0.000404564391813524,0.0004472021607417573,0.00019051556375837545,6.860273023526938e-05,0.0006611764860334898,60.916666666666664,71.5,25.998263830921903,2,86
2009298,2009-10-25,2009,10,4,0.00674567065449006,0.007098219091147282,0.0027678587365408468,8.745152757570437e-05,0.013199923066441688,166.2155870445344,174.0,26.46682821779821,11,197
2009305,2009-11-01,2009,11,4,0.005480197402964535,0.0049988188634573615,0.003227614988940401,7.047829676137728e-05,0.015105718944621501,153.91071428571428,161.0,35.185223668028044,3,202
2009312,2009-11-08,2009,11,4,0.002351022346955826,0.0022864483748491924,0.001450471173508249,6.677707623479695e-05,0.0067254508006298515,120.8913813459268,132.0,36.957712314328234,1,172
2009319,2009-11-15,2009,11,4,0.00042932617691006684,0.0003391850467199354,0.0003136247439838301,0.00010007771940692956,0.000938856894793467,59.0,60.5,29.857997253667232,16,99
2009326,2009-11-22,2009,11,4,0.0022577599300677123,0.0018040898230677288,0.002380901811746327,0.00012417935507239513,0.0072922810778448905,106.33333333333333,123.0,49.192366164770824,24,175
2009333,2009-11-29,2009,11,4,0.00045758135364925857,0.00031068865857931445,0.0003799939835753459,7.047829676137728e-05,0.001263145560429136,57.23809523809524,58.0,35.386175349925736,3,110
2009340,2009-12-06,2009,12,1,0.00038457259851316217,0.0001626257827800473,0.0006982181465354989,6.860273023526938e-05,0.004865790431142645,40.94805194805195,34.0,36.39676598445487,2,160
2009347,2009-12-13,2009,12,1,0.0001739588808453207,0.00012417935507239513,0.00014693656602960835,6.677707623479695e-05,0.0007566366955733099,28.40740740740741,24.0,22.244865007556005,1,91
2009354,2009-12-20,2009,12,1,0.00020491366447383024,0.0001626257827800473,0.00010911745807404651,8.512426989050051e-05,0.0004532328711930874,37.888888888888886,34.0,18.28444660508819,10,72
2009361,2009-12-27,2009,12,1,0.00017059067634666306,0.00011452687219239174,0.00012824436301657875,6.677707623479695e-05,0.0006097831227133274,28.0,21.0,22.587115304477855,1,83
2010017,2010-01-17,2010,1,1,0.00039897624278235466,0.00011920211155692434,0.0005215972722139708,6.677707623479695e-05,0.0015256376578027826,41.666666666666664,22.0,40.55312017040804,1,117
2010059,2010-02-28,2010,2,1,0.000657579789415928,0.0006264543077991759,0.00047365666284510463,0.0001421082855563661,0.001445517653848912,73.6,84.0,32.020410157689525,29,115
2010073,2010-03-14,2010,3,2,0.0003359303276298659,0.0002790148759178201,0.0002657899982707043,6.860273023526938e-05,0.0011649610361989483,49.208333333333336,54.0,30.369912696980577,2,107
2010080,2010-03-21,2010,3,2,0.00037772034938662495,0.00012417935507239513,0.0005046353188466084,7.24051403982037e-05,0.0017936404932533908,43.9,24.0,35.643933565194516,4,123
2010094,2010-04-04,2010,4,2,0.0015724412289412544,0.0004594284584446902,0.002182159182461654,8.984241139644306e-05,0.006372258716007311,79.4,72.5,54.42830146164769,12,170
2010101,2010-04-11,2010,4,2,0.0008093440189911532,0.0004300559939389421,0.000715414529000217,0.00028653877508056605,0.0022864483748491924,81.83333333333333,70.0,27.637032321788016,55,132
2010108,2010-04-18,2010,4,2,0.0037132824342159046,0.0029146566385597063,0.0029033019484340475,7.24051403982037e-05,0.010354887860243467,131.72203389830509,141.0,44.20327492966246,4,188
2010115,2010-04-25,2010,4,2,0.005413122255513416,0.006037614778168966,0.002938447959806948,7.24051403982037e-05,0.011227612102877545,153.0,168.0,35.77625877488467,4,191
2010122,2010-05-02,2010,5,2,0.011387163909014566,0.011849919498210883,0.0046112676993100175,6.677707623479695e-05,0.019782510276304014,185.11460446247463,193.0,28.604316928622566,1,212
2010136,2010-05-16,2010,5,2,0.005662317070520507,0.005420126217583866,0.0030750775924053334,0.00010562467848641765,0.010928823193440932,154.77777777777777,164.0,36.82474342605882,18,190
2010143,2010-05-23,2010,5,2,0.00816693680941212,0.009550000624864566,0.005605705172608748,6.677707623479695e-05,0.019256058648191517,158.7319868995633,185.0,50.01409957079661,1,211
2010150,2010-05-30,2010,5,2,0.011058541374782222,0.013199923066441688,0.006458551131259954,7.047829676137728e-05,0.020323354845454233,169.62596899224806,197.0,55.35600331842265,3,213
2010157,2010-06-06,2010,6,3,0.004496016235356859,0.005135484230830132,0.00227374254235607,0.00010851240774472338,0.009048475191279258,147.72173913043477,162.0,33.48459680304337,19,183
2010164,2010-06-13,2010,6,3,0.006394367518538102,0.004487571694164119,0.005898527824683506,6.677707623479695e-05,0.020323354845454233,134.9845869297164,157.0,64.04726510067567,1,213
2010171,2010-06-20,2010,6,3,0.005610867817071352,0.004251903506478243,0.0047000127563624015,6.677707623479695e-05,0.01551870222835037,139.6890681003584,155.0,54.091478888812745,1,203
2010178,2010-06-27,2010,6,3,0.003175482927105687,0.0011968105255155059,0.0036506151732024214,6.677707623479695e-05,0.014703725960862944,109.15007112375534,108.0,58.226817345396555,1,201
2010185,2010-07-04,2010,7,3,0.004127037106805962,0.0028370918749717113,0.0038806270962281537,6.677707623479695e-05,0.02521781184235494,131.0002440214739,140.0,48.49964402861013,1,221
2010192,2010-07-11,2010,7,3,0.004889531446459518,0.003616591023243861,0.004210539087492546,6.677707623479695e-05,0.02203623524596353,137.08029837648093,149.0,50.250536445640456,1,216
2010199,2010-07-18,2010,7,3,0.0017591840488951046,0.0016994461197228832,0.0011081043527928843,7.24051403982037e-05,0.004251903506478243,109.97607655502392,121.0,36.498468237032114,4,155
2010206,2010-07-25,2010,7,3,0.006151400246174022,0.004028611610130368,0.006686542168492664,6.677707623479695e-05,0.04564733211318595,145.51617343427392,153.0,47.34807899951651,1,243
2010213,2010-08-01,2010,8,3,0.005403623926627056,0.004028611610130368,0.004700879508477437,6.677707623479695e-05,0.03882678224095402,145.6742256637168,153.0,43.753970230195435,1,237
2010220,2010-08-08,2010,8,3,0.0027786623523961096,0.0027615912627732323,0.0014517702340687605,6.677707623479695e-05,0.017286672330235658,131.56854345165237,139.0,28.783227545988414,1,207
2010227,2010-08-15,2010,8,3,0.003707304930155845,0.0022864483748491924,0.0036356633088357624,6.677707623479695e-05,0.013199923066441688,123.26931407942239,132.0,52.51285244673622,1,197
2010234,2010-08-22,2010,8,3,0.005588180271697651,0.004610259803284842,0.004459956155276306,6.677707623479695e-05,0.017759281858445344,145.31340206185567,158.0,47.88960378079615,1,208
2010241,2010-08-29,2010,8,3,0.005499141689522666,0.003817046054913863,0.005173167526284055,6.677707623479695e-05,0.03392824534714122,140.55605120248254,151.0,51.00523026695822,1,232
2010248,2010-09-05,2010,9,4,0.006245100402412866,0.005876941937084154,0.004179609998297946,6.677707623479695e-05,0.02734320383481737,154.70813844714687,167.0,41.423142988556144,1,224
2010255,2010-09-12,2010,9,4,0.007333666294438315,0.0062026803395049835,0.005204442303011996,6.677707623479695e-05,0.02521781184235494,160.94578244492638,169.0,39.641728538936974,1,221
2010262,2010-09-19,2010,9,4,0.0037656856089691064,0.0028370918749717113,0.0033739655488401947,6.677707623479695e-05,0.02203623524596353,129.38452144710732,140.0,47.053755736798415,1,216
2010269,2010-09-26,2010,9,4,0.0058540582818749,0.0047363021478686205,0.005410557620811899,6.677707623479695e-05,0.04689530880192727,144.1832730043818,159.0,50.28575363600183,1,244
2010276,2010-10-03,2010,10,4,0.004179377479915639,0.0027615912627732323,0.0037448792142539193,6.677707623479695e-05,0.019782510276304014,127.38933992234381,139.0,54.42006790101836,1,212
2010283,2010-10-10,2010,10,4,0.0039299272808412805,0.004028611610130368,0.002418905479614949,6.677707623479695e-05,0.013560802783119358,138.3978021978022,153.0,40.408762998114625,1,198
2010290,2010-10-17,2010,10,4,0.004807429940509865,0.005135484230830132,0.0022828375587633366,0.00018115294552343463,0.01824481230988928,152.5177304964539,162.0,28.03116372058436,38,209
2010304,2010-10-31,2010,10,4,0.0028981104457355272,0.0024131782368785257,0.0020377869465893254,6.860273023526938e-05,0.008123055116193332,127.82543640897755,134.0,36.18026978295839,2,179
2010311,2010-11-07,2010,11,4,0.0025173930992699765,0.0024131782368785257,0.0018534798965368115,6.677707623479695e-05,0.0062026803395049835,116.7713920817369,134.0,46.19358012129241,1,169
2010318,2010-11-14,2010,11,4,0.00045991499017144854,0.00042943100759441867,0.00032234856483512233,7.047829676137728e-05,0.001074408412123669,60.666666666666664,70.0,32.12406505340748,3,104
2010325,2010-11-21,2010,11,4,0.00022189620992147332,8.745152757570437e-05,0.0003722097907166327,7.24051403982037e-05,0.0014850374297406216,24.692307692307693,11.0,30.5170434483487,4,116
2010332,2010-11-28,2010,11,4,0.00029638037063952846,0.00031068865857931445,0.00018841537712936183,7.047829676137728e-05,0.0006611764860334898,47.0,58.0,27.938243583759064,3,86
2010339,2010-12-05,2010,12,1,0.0003260345072955396,0.00031068865857931445,0.00010825468231625833,0.00020179081761101134,0.00046562404569629304,57.666666666666664,58.0,12.657891697365017,42,73
2011002,2011-01-02,2011,1,1,0.0002684528450887183,0.0002684528450887183,9.681328214165235e-05,0.00017163956294706596,0.00036526612723037066,50.0,50.0,14.0,36,64
2011065,2011-03-06,2011,3,2,0.00031305839227757876,0.00013464536253370588,0.0002808475299478755,9.482206303690697e-05,0.0008204070807291614,43.8,27.0,32.108565835303196,14,94
2011079,2011-03-20,2011,3,2,0.0005405088661559784,0.0002714909767550741,0.00047105075452713715,0.00012087469743578924,0.0013696052118942733,64.88888888888889,53.0,31.19275002818744,23,113
2011086,2011-03-27,2011,3,2,0.00021042664753697396,0.00015408536802776344,0.00013346739888780418,7.24051403982037e-05,0.0003752523321380315,35.0,32.0,25.830214865540704,4,65
2011100,2011-04-10,2011,4,2,0.0016352003289417001,0.0015673478770918932,0.00036212099720151755,0.0012295307649586363,0.0021087223447745704,118.66666666666667,118.0,8.178562764256865,109,129
2011107,2011-04-17,2011,4,2,9.260099464871504e-05,9.260099464871504e-05,7.476724758214524e-06,8.512426989050051e-05,0.00010007771940692956,13.0,13.0,3.0,10,16
2011114,2011-04-24,2011,4,2,0.002649343361168178,0.002649343361168178,0.0020869587867004425,0.0005623845744677356,0.0047363021478686205,119.5,119.5,39.5,80,159
2011128,2011-05-08,2011,5,2,0.0022502517951006884,0.0008947344444875134,0.0029532403044966278,6.677707623479695e-05,0.009811093170815422,100.14285714285714,97.0,51.08795936262022,1,186
2011135,2011-05-15,2011,5,2,0.0027615912627732323,0.0027615912627732323,0.0,0.0027615912627732323,0.0027615912627732323,139.0,139.0,0.0,139,139
2011142,2011-05-22,2011,5,2,0.0028370918749717113,0.0028370918749717113,0.0,0.0028370918749717113,0.0028370918749717113,140.0,140.0,0.0,140,140
2011149,2011-05-29,2011,5,2,0.0007539012898383909,0.0006978231935532213,0.00017972354709945037,0.0005328505274418883,0.0009645248027417586,89.8,88.0,8.908422980528035,78,100
2011163,2011-06-12,2011,6,3,0.005292243896940547,0.006258572198277352,0.0027428896150233062,0.0009645248027417586,0.007906884593269861,155.83333333333334,168.0,25.770892279641558,100,178
2011177,2011-06-26,2011,6,3,0.0018930557325129345,0.0018930557325129345,0.0,0.0018930557325129345,0.0018930557325129345,125.0,125.0,0.0,125,125
2011184,2011-07-03,2011,7,3,0.001985952925528784,0.002166373826416068,0.0011703296553023954,8.745152757570437e-05,0.005135484230830132,116.55987055016182,130.0,32.19641090345551,11,162
2011191,2011-07-10,2011,7,3,0.0048988816644961585,0.004028611610130368,0.004402001130283946,6.677707623479695e-05,0.05513322536354969,133.8215010141988,153.0,55.13284329614555,1,250
2011198,2011-07-17,2011,7,3,0.005801646801799055,0.006372258716007311,0.0034902782985921565,8.285894512383413e-05,0.020323354845454233,156.8529784537389,170.0,31.54522666103162,9,213
2011205,2011-07-24,2011,7,3,0.006130278273301849,0.005135484230830132,0.0039246842158177165,7.641830489988815e-05,0.015105718944621501,158.51563636363636,162.0,31.09653489983827,6,202
2011212,2011-07-31,2011,7,3,0.015816361998200683,0.012848647071018005,0.012545183181966327,6.677707623479695e-05,0.05977992970248461,186.94931554931554,196.0,42.32869873747319,1,253
2011219,2011-08-07,2011,8,3,0.005704679534152525,0.004865790431142645,0.00495312423723267,6.677707623479695e-05,0.04817740458905927,151.78105350575393,160.0,37.354686117660926,1,245
2011226,2011-08-14,2011,8,3,0.004757782726126636,0.003921402306985135,0.003604786708607141,6.677707623479695e-05,0.02325762693933648,146.24251018408705,152.0,36.15554529540264,1,218
2011233,2011-08-21,2011,8,3,0.007087832457751647,0.003921402306985135,0.008087738592407377,6.677707623479695e-05,0.04949455227475802,146.67544268406337,152.0,51.77195697747449,1,246
2011240,2011-08-28,2011,8,3,0.005904089598017414,0.005275885965362675,0.004377071841188575,6.677707623479695e-05,0.03129099693196857,153.37079457879352,163.0,38.560624295173696,1,229
2011247,2011-09-04,2011,9,4,0.0023182484283415417,0.001633396998407388,0.0019452474934145353,7.438466303794841e-05,0.009295856266680787,114.80357142857143,119.5,40.678802677130236,5,184
2011254,2011-09-11,2011,9,4,0.008011106150218335,0.006037614778168966,0.0072932678851934185,6.677707623479695e-05,0.058189067831025315,156.87283996458257,168.0,48.57682842457315,1,252
2011261,2011-09-18,2011,9,4,0.003985415038286879,0.0028370918749717113,0.0038832501079887473,6.677707623479695e-05,0.04443256654631229,131.75608506277223,140.0,45.71402039883159,1,242
2011268,2011-09-25,2011,9,4,0.005112240931764384,0.004487571694164119,0.004202930311403588,6.677707623479695e-05,0.04949455227475802,143.05508792399365,157.0,45.81948458539037,1,246
2011275,2011-10-02,2011,10,4,0.015419212261749936,0.010354887860243467,0.014931924860873096,6.677707623479695e-05,0.05977992970248461,176.05745259573803,188.0,55.47982678197648,1,253
2011282,2011-10-09,2011,10,4,0.012941328186140756,0.008573287741366752,0.013018914130725758,6.677707623479695e-05,0.05977992970248461,170.83640238704177,181.0,52.69716038248052,1,253
2011289,2011-10-16,2011,10,4,0.0009492971598447149,0.0007169013529571055,0.0008455299019106159,6.677707623479695e-05,0.005568309930770164,81.36291000841042,89.0,40.40382161320302,1,165
2011296,2011-10-23,2011,10,4,0.0019430548708083929,0.0006097831227133274,0.0027350736894641804,6.860273023526938e-05,0.010354887860243467,87.64912280701755,83.0,56.7541609041336,2,188
2011303,2011-10-30,2011,10,4,0.001393717761055636,0.0004014651886637341,0.0026011383404824476,7.24051403982037e-05,0.016378849789041684,77.51388888888889,67.5,48.722568651371965,4,205
2011310,2011-11-06,2011,11,4,0.0018910631461551846,0.0007259683482208084,0.002427994700719352,8.512426989050051e-05,0.007906884593269861,90.5,88.5,53.98996820397903,10,178
2011317,2011-11-13,2011,11,4,0.0014505197767193246,0.0010458162845362108,0.0009463699196113484,0.00013464536253370588,0.004138751965430195,106.61538461538461,103.0,28.350928519697444,27,154
2011324,2011-11-20,2011,11,4,0.00028521134179866164,0.0002684633554832197,0.00012269013069113614,7.850754557821981e-05,0.0005186703236257731,50.833333333333336,52.5,18.311350456903927,7,77
2011338,2011-12-04,2011,12,1,0.000662208358593496,0.0003368739275955696,0.0009678556395213676,6.677707623479695e-05,0.004865790431142645,63.95652173913044,61.0,39.05567738149971,1,160
2011345,2011-12-11,2011,12,1,0.0003314029309341515,0.00024514450151207794,0.00023550880009912746,7.24051403982037e-05,0.0007169013529571055,49.666666666666664,49.0,29.4599539865372,4,89
2011352,2011-12-18,2011,12,1,0.0003948499839313907,0.0003510700274129701,0.00035345302025340116,7.24051403982037e-05,0.0014070495771637387,54.0,62.5,31.18836779496942,4,114
2011359,2011-12-25,2011,12,1,0.00024074573580899704,0.00017913275863589535,0.00016092539977081248,6.860273023526938e-05,0.0005474184113914281,40.5,37.5,24.34851124812357,2,79
2012001,2012-01-01,2012,1,1,0.00022185940357895718,0.00018148011574945253,0.00013608842626019338,8.065390511855354e-05,0.00042943100759441867,37.833333333333336,37.5,24.42278080445022,8,70
2012008,2012-01-08,2012,1,1,0.00036512490270920235,0.00015020313770305036,0.0003769869250690453,0.0001421082855563661,0.0010179850498743426,48.25,31.0,31.075512867851433,29,102
2012015,2012-01-15,2012,1,1,0.0008912969964051198,0.0003752523321380315,0.000850396306701659,0.00012087469743578924,0.002479153400069546,75.85714285714286,65.0,41.64622627880354,23,135
2012029,2012-01-29,2012,1,1,0.0014893118907678528,0.0009908944592761167,0.001022940505890735,0.0005623845744677356,0.0029146566385597063,107.33333333333333,101.0,25.30261295246446,80,141
2012036,2012-02-05,2012,2,1,6.860273023526938e-05,6.860273023526938e-05,0.0,6.860273023526938e-05,6.860273023526938e-05,2.0,2.0,0.0,2,2
2012043,2012-02-12,2012,2,1,0.00032591940904492373,0.00029963514692480904,0.00010929828296951754,0.00021297537911518986,0.000491431963214887,57.75,56.0,12.152674602736633,44,75
2012057,2012-02-26,2012,2,1,0.00012968159777420222,0.00011452687219239174,4.876332402427487e-05,7.438466303794841e-05,0.0002437246189121554,23.375,21.0,12.469337392179265,5,49
2012064,2012-03-04,2012,3,2,0.0002526996118274369,0.0002714909767550741,9.260326126851161e-05,0.00013106218378977397,0.00035554567493746266,47.333333333333336,53.0,15.627610892974722,26,63
2012078,2012-03-18,2012,3,2,0.0015492106836692743,0.0015492106836692743,0.0005033943991330635,0.0010458162845362108,0.002052605082802338,115.5,115.5,12.5,103,128
2012085,2012-03-25,2012,3,2,0.0034502517665291024,0.0034502517665291024,0.002752428572975881,0.0006978231935532213,0.0062026803395049835,128.5,128.5,40.5,88,169
2012092,2012-04-01,2012,4,2,0.0005323648103684133,0.0005401344694166582,0.0003405099439609051,0.0001421082855563661,0.001263145560429136,69.75,78.5,25.718427245848453,29,110
2016115,2016-04-24,2016,4,2,0.000775192963854857,0.00040234166986622506,0.0010767953524033651,7.047829676137728e-05,0.004610259803284842,68.36111111111111,67.5,40.16089362231884,3,158
2016122,2016-05-01,2016,5,2,0.001477625540809456,0.0007988649346580985,0.001726240025875306,7.24051403982037e-05,0.006372258716007311,90.77777777777777,93.0,45.000274347586206,4,170
2016129,2016-05-08,2016,5,2,0.0015047195168504336,0.001445517653848912,0.0011054951888077374,7.047829676137728e-05,0.005568309930770164,101.21750663129974,115.0,39.63059412373335,3,165
2016136,2016-05-15,2016,5,2,0.0012100733141168225,0.0005257604255338307,0.0013897889709032303,7.047829676137728e-05,0.005420126217583866,84.11111111111111,77.5,43.671932111151065,3,164
2016143,2016-05-22,2016,5,2,0.0029698101187612155,0.002348958802944899,0.0022623472456890052,6.860273023526938e-05,0.010354887860243467,126.64537157757496,133.0,39.38304423851665,2,188
2016150,2016-05-29,2016,5,2,0.006912672528693409,0.007906884593269861,0.0036270445308625924,7.047829676137728e-05,0.01874361693655935,161.73863636363637,178.0,38.038080025479644,3,210
2016157,2016-06-05,2016,6,3,0.01035199589926326,0.012173890749379723,0.006207687581089305,6.677707623479695e-05,0.020323354845454233,168.4252441773103,194.0,53.329809711863426,1,213
2016164,2016-06-12,2016,6,3,0.012097447173387236,0.014703725960862944,0.006448352132272421,6.677707623479695e-05,0.02521781184235494,178.34325396825398,201.0,47.3966353146206,1,221
2016171,2016-06-19,2016,6,3,0.011412932737314464,0.013560802783119358,0.0054671703469001435,6.860273023526938e-05,0.019782510276304014,177.20094086021504,198.0,47.152812367541195,2,212
2016178,2016-06-26,2016,6,3,0.011226291794524848,0.012506719222878195,0.004715774942115302,6.677707623479695e-05,0.019256058648191517,181.21251819505093,195.0,37.936800512240936,1,211
2016185,2016-07-03,2016,7,3,0.011345719073984723,0.013199923066441688,0.004491591329290653,6.677707623479695e-05,0.019256058648191517,182.28472755180354,197.0,37.54910181182927,1,211
2016192,2016-07-10,2016,7,3,0.008823431941299005,0.005135484230830132,0.008190816520770172,6.677707623479695e-05,0.03045828176842181,150.98760842627013,162.0,59.46172437749326,1,228
2016199,2016-07-17,2016,7,3,0.004347706347326441,0.0026165642298072124,0.0038278943077875425,6.677707623479695e-05,0.016826639874000782,139.76814291030888,137.0,37.81150511753157,1,206
2016206,2016-07-24,2016,7,3,0.003978895249891466,0.002348958802944899,0.004799779590082141,6.677707623479695e-05,0.024546716116058534,131.2241237113402,133.0,41.69365295098363,1,220
2016213,2016-07-31,2016,7,3,0.00555046547544472,0.0032467092624460787,0.005701368381216327,6.677707623479695e-05,0.03045828176842181,137.8684127485011,145.0,52.870666658413306,1,228
2016220,2016-08-07,2016,8,3,0.007775849391846108,0.0067254508006298515,0.006633784071461467,6.677707623479695e-05,0.052237862751382015,156.56634237217966,172.0,48.42271964634583,1,248
2016227,2016-08-14,2016,8,3,0.0070476943440373795,0.005568309930770164,0.006367489535728525,6.677707623479695e-05,0.04443256654631229,150.9771534424205,165.0,50.653306190409424,1,242
2016234,2016-08-21,2016,8,3,0.005971576701531872,0.003426663037657071,0.006144396493075328,6.677707623479695e-05,0.03302534780013992,134.340790842872,147.0,60.86461002690867,1,231
2016241,2016-08-28,2016,8,3,0.005211716859253094,0.0015256376578027826,0.006257643564837534,6.677707623479695e-05,0.03678776469917318,117.27114330462021,117.0,68.59987127383567,1,235
2016248,2016-09-04,2016,9,4,0.004806471133705983,0.0017936404932533908,0.005800867628181111,6.677707623479695e-05,0.03302534780013992,121.1755613881598,123.0,60.91642729694184,1,231
2016255,2016-09-11,2016,9,4,0.0057205974263977695,0.0029146566385597063,0.0053924206669398785,6.677707623479695e-05,0.02203623524596353,132.74901820778294,141.0,61.66839190738416,1,216
2016262,2016-09-18,2016,9,4,0.003075376189569363,0.0010458162845362108,0.004683841886916451,6.677707623479695e-05,0.02203623524596353,104.29158257153033,103.0,55.496857638867375,1,216
2016269,2016-09-25,2016,9,4,0.0074069696715034,0.005568309930770164,0.006281412902660243,6.677707623479695e-05,0.022638695600632062,144.620796460177,165.0,61.92982762617807,1,217
2016276,2016-10-02,2016,10,4,0.0069841625401014015,0.005876941937084154,0.005772926298105613,6.677707623479695e-05,0.020323354845454233,143.53197969543146,167.0,61.27933249891253,1,213
2016283,2016-10-09,2016,10,4,0.007716922777211552,0.006909321476787905,0.007165791810458397,6.677707623479695e-05,0.022638695600632062,135.02352376380222,173.0,72.92636921973757,1,217
2016290,2016-10-16,2016,10,4,0.003767660428890286,0.0005777599054356696,0.005310736783798751,6.677707623479695e-05,0.022638695600632062,96.5945945945946,81.0,69.93568167431863,1,217
2016297,2016-10-23,2016,10,4,0.00846124877428201,0.010354887860243467,0.005735292080783575,6.677707623479695e-05,0.019782510276304014,155.9364089775561,188.0,58.5172860286763,1,212
2016304,2016-10-30,2016,10,4,0.005837814921566217,0.006909321476787905,0.0035675159189852987,7.047829676137728e-05,0.011849919498210883,151.83070596298836,173.0,42.6927366551598,3,193
2016311,2016-11-06,2016,11,4,0.006201019945866977,0.0072922810778448905,0.004924255867059667,6.677707623479695e-05,0.014312430803509307,133.34986666666666,175.0,69.61822170463388,1,200
2016318,2016-11-13,2016,11,4,0.0017208931370122132,0.0002642660662288421,0.0032820451751918644,6.677707623479695e-05,0.01594297628170528,69.09568117977528,52.0,57.645640015602794,1,204
2016325,2016-11-20,2016,11,4,0.0005650549520904351,0.00028653877508056605,0.0008777293464085973,6.677707623479695e-05,0.011227612102877545,57.89689621726479,55.0,37.731119533472246,1,191
2016332,2016-11-27,2016,11,4,0.00030086638168491664,0.00018115294552343463,0.0003198242573000145,6.677707623479695e-05,0.0030762058944845926,43.61148904006047,38.0,29.57228873536957,1,143
2016339,2016-12-04,2016,12,1,0.0004122871040642535,0.00023723862594941727,0.00046032112579874227,6.677707623479695e-05,0.004487571694164119,51.959978936282255,48.0,34.07114693396864,1,157
2016346,2016-12-11,2016,12,1,0.0003767701874904933,0.00023723862594941727,0.0003887625892007031,6.677707623479695e-05,0.004487571694164119,50.47835689045937,48.0,32.15735114091814,1,157
2016353,2016-12-18,2016,12,1,0.00035905653250112817,0.0002642660662288421,0.0002977096081382758,6.677707623479695e-05,0.004028611610130368,51.8380600082203,52.0,29.53994554699685,1,153
2016360,2016-12-25,2016,12,1,0.0003425521522680249,0.00022477986187010584,0.00037110029749831355,6.677707623479695e-05,0.0072922810778448905,48.116610993015485,46.0,30.52415481454029,1,175
2017001,2017-01-01,2017,1,1,0.00040875109884861755,0.00022477986187010584,0.0005515616741154594,6.677707623479695e-05,0.006372258716007311,50.65950370938859,46.0,33.67124628917007,1,170
2017008,2017-01-08,2017,1,1,0.0003577811381991726,0.0002437246189121554,0.00033382700089184495,6.677707623479695e-05,0.005568309930770164,50.37736684752519,49.0,30.567789603482776,1,165
2017015,2017-01-15,2017,1,1,0.0004526896068297738,0.0002789134129525243,0.00046487054425933263,6.677707623479695e-05,0.004251903506478243,55.92397660818713,54.0,34.164035987377446,1,155
2017022,2017-01-22,2017,1,1,0.00012388936622947886,0.0001421082855563661,2.576544280386524e-05,8.745152757570437e-05,0.0001421082855563661,23.0,29.0,8.48528137423857,11,29
2017029,2017-01-29,2017,1,1,0.0003359192928755554,0.00021297537911518986,0.0003312292770712008,6.677707623479695e-05,0.0029146566385597063,47.36440972222222,44.0,30.76121663084712,1,141
2017036,2017-02-05,2017,2,1,0.0003251220603071589,0.00022785254996299172,0.0002798947414311261,6.677707623479695e-05,0.0015673478770918932,48.20618556701031,46.5,28.72835380341562,1,118
2017043,2017-02-12,2017,2,1,0.0003224416954302311,0.00020179081761101134,0.00034084936774001384,6.677707623479695e-05,0.0029943419864698214,45.900264200792606,42.0,30.04995774206811,1,142
2017050,2017-02-19,2017,2,1,0.0006668669225431904,0.00046562404569629304,0.0006829540761635063,6.677707623479695e-05,0.0032467092624460787,69.61538461538461,73.0,35.95601447586792,1,145
2017057,2017-02-26,2017,2,1,0.00034140439807265395,0.00021297537911518986,0.00035627006625709405,6.677707623479695e-05,0.005275885965362675,47.33706423326442,44.0,31.193961929768076,1,163
2017064,2017-03-05,2017,3,2,0.0004028199299057731,0.00025723342482601144,0.00040569355345630877,6.677707623479695e-05,0.004138751965430195,52.89677190493083,51.0,32.640331792634804,1,154
2017071,2017-03-12,2017,3,2,0.0005566481695797971,0.00039605126064267137,0.0004930586667606944,6.677707623479695e-05,0.0032467092624460787,64.96686455052095,67.0,34.31548502371367,1,145
2017078,2017-03-19,2017,3,2,0.0006976584897953645,0.0005328505274418883,0.0005951423561213621,6.677707623479695e-05,0.005876941937084154,73.09236262030426,78.0,35.69603739092912,1,167
2017085,2017-03-26,2017,3,2,0.0005004984848962955,0.00021297537911518986,0.0006111990808403844,6.860273023526938e-05,0.0032467092624460787,54.04294478527607,44.0,38.71087570795456,2,145
2017092,2017-04-02,2017,4,2,0.000488463022718559,0.00040687911668479677,0.0003643477235156,6.677707623479695e-05,0.0030762058944845926,63.74501811594203,68.0,30.33543932706989,1,143
2017099,2017-04-09,2017,4,2,0.0005212678364648925,0.00036526612723037066,0.0005938422727755847,6.677707623479695e-05,0.004368148557683102,62.051886792452834,64.0,32.82245185077767,1,156
2017106,2017-04-16,2017,4,2,0.0006369381917791266,0.00034608390305791557,0.0008989685200844488,6.677707623479695e-05,0.007906884593269861,63.919211822660095,62.0,37.52570712118933,1,178
2017113,2017-04-23,2017,4,2,0.005003694741727562,0.005568309930770164,0.003838944362143118,6.677707623479695e-05,0.011534569761210737,133.03100775193798,165.0,59.48025594518612,1,192
2017120,2017-04-30,2017,4,2,0.007815570325535141,0.0072922810778448905,0.005531406728087374,6.677707623479695e-05,0.02203623524596353,156.6420534458509,175.0,52.58645553800512,1,216
2017127,2017-05-07,2017,5,2,0.0038371232082608057,0.0006611764860334898,0.005228834423465391,6.677707623479695e-05,0.01824481230988928,101.7465401344405,86.0,65.57732338935985,1,209
2017134,2017-05-14,2017,5,2,0.006316359711957033,0.005876941937084154,0.004672360114878814,6.860273023526938e-05,0.021449807549949466,148.5039745627981,167.0,50.874518158655285,2,215
2017141,2017-05-21,2017,5,2,0.004635805019465765,0.0015256376578027826,0.005052030799983035,6.677707623479695e-05,0.01824481230988928,118.25453112687156,117.0,64.35495408593417,1,209
2017148,2017-05-28,2017,5,2,0.009415182106577703,0.010928823193440932,0.004592609470560851,6.860273023526938e-05,0.019782510276304014,172.8946638946639,190.0,39.94186687761024,2,212
2017155,2017-06-04,2017,6,3,0.010276138262403095,0.011534569761210737,0.00463370970772794,6.860273023526938e-05,0.020878985851911634,178.66883586406362,192.0,34.92311902022845,2,214
2017162,2017-06-11,2017,6,3,0.01089354365271303,0.011534569761210737,0.004428160730459707,7.24051403982037e-05,0.02203623524596353,182.60365853658536,192.0,32.34647017769595,4,216
2017169,2017-06-18,2017,6,3,0.014424086927500995,0.01594297628170528,0.005405933355568674,6.677707623479695e-05,0.02203623524596353,190.91752577319588,204.0,39.234151917009484,1,216
2017176,2017-06-25,2017,6,3,0.013021392930549634,0.016826639874000782,0.007941650781829984,6.677707623479695e-05,0.02661554723433558,173.20647773279353,206.0,58.78257517066964,1,223
2017183,2017-07-02,2017,7,3,0.010181987493340632,0.013560802783119358,0.007952698955364849,6.677707623479695e-05,0.02521781184235494,156.0831195484864,198.0,63.46754738751876,1,221
2017190,2017-07-09,2017,7,3,0.007631339292781339,0.006909321476787905,0.005711095757159848,6.677707623479695e-05,0.022638695600632062,154.30140845070423,173.0,53.457874669813144,1,217
2017197,2017-07-16,2017,7,3,0.004761573960155195,0.0029943419864698214,0.0045510851964075194,6.677707623479695e-05,0.017286672330235658,135.23682042833607,142.0,49.668948647440224,1,207
2017204,2017-07-23,2017,7,3,0.004612437212203916,0.0035203464008066207,0.0038435740302405126,6.677707623479695e-05,0.019256058648191517,137.11057947900053,148.0,47.377604694812845,1,211
2017211,2017-07-30,2017,7,3,0.005609510616701527,0.0030762058944845926,0.005914109555973462,6.677707623479695e-05,0.03580876970056082,137.37867597690345,143.0,53.076497253761005,1,234
2017218,2017-08-06,2017,8,3,0.011086626055520616,0.006372258716007311,0.012686925952593662,6.677707623479695e-05,0.05977992970248461,157.39444130241577,170.0,59.59330151117105,1,253
2017225,2017-08-13,2017,8,3,0.010620139484975782,0.005275885965362675,0.012430224372641204,6.677707623479695e-05,0.05977992970248461,155.75077434464004,163.0,58.50139438780189,1,253
2017232,2017-08-20,2017,8,3,0.006128931000560058,0.0032467092624460787,0.006255295551689705,6.677707623479695e-05,0.03129099693196857,139.01865284974093,145.0,55.45433587950807,1,229
2017239,2017-08-27,2017,8,3,0.008769449368292177,0.003616591023243861,0.010512087669071336,6.677707623479695e-05,0.05977992970248461,149.18788723667905,149.0,56.91584650292621,1,253
2017246,2017-09-03,2017,9,4,0.00661563426565237,0.004610259803284842,0.005966004458747209,6.677707623479695e-05,0.03214647813822493,150.1009135330359,158.0,47.800501904385136,1,230
2017253,2017-09-10,2017,9,4,0.010214187854773607,0.007906884593269861,0.009869614254900731,6.677707623479695e-05,0.05977992970248461,157.96158375862262,178.0,59.94704198536265,1,253
2017260,2017-09-17,2017,9,4,0.011440577682394324,0.005568309930770164,0.013436953604488171,6.677707623479695e-05,0.05977992970248461,154.10121491766498,165.0,63.31068316123502,1,253
2017267,2017-09-24,2017,9,4,0.003358842514757398,0.0013331573150600305,0.00503602262313387,6.677707623479695e-05,0.037793524962700324,110.31003566475134,112.0,54.971683583246175,1,236
2017274,2017-10-01,2017,10,4,0.0029724085953286433,0.0012295307649586363,0.004523016505417196,6.677707623479695e-05,0.03678776469917318,108.06636192309234,109.0,52.38595719090242,1,235
2017281,2017-10-08,2017,10,4,0.003776273852099913,0.0017936404932533908,0.004717487310649863,6.677707623479695e-05,0.024546716116058534,120.61841405002662,123.0,52.36726189158348,1,220
2017288,2017-10-15,2017,10,4,0.0027958291088564058,0.0007169013529571055,0.005168681398595517,6.677707623479695e-05,0.02521781184235494,93.58086723290121,89.0,58.110325532090194,1,221
2017295,2017-10-22,2017,10,4,0.005406783655758906,0.0013331573150600305,0.00679646461310811,6.677707623479695e-05,0.024546716116058534,114.70803818909764,112.0,70.39999934424448,1,220
2017302,2017-10-29,2017,10,4,0.0022600010095078964,0.00035554567493746266,0.0037540735238028996,6.677707623479695e-05,0.016826639874000782,79.88498253783469,63.0,61.5971802519243,1,206
2017309,2017-11-05,2017,11,4,0.0012631140384840667,0.0002714909767550741,0.003178960181065626,6.677707623479695e-05,0.01874361693655935,61.74202438617004,53.0,48.43035471515826,1,210
2017323,2017-11-19,2017,11,4,0.0019067794308953768,0.00039605126064267137,0.0028522671066123187,6.677707623479695e-05,0.012848647071018005,80.82618384401114,67.0,59.34634554417058,1,196
2017330,2017-11-26,2017,11,4,0.0008217400712729483,0.0004594284584446902,0.0008592499438297015,6.677707623479695e-05,0.005568309930770164,72.17816091954023,72.5,42.53298091579405,1,165
2017337,2017-12-03,2017,12,1,0.00027762268172115245,0.0001626257827800473,0.0003935828074167764,6.677707623479695e-05,0.009550000624864566,39.55304644226673,34.0,29.074651911487322,1,185
2017344,2017-12-10,2017,12,1,0.00031765174073127933,0.00021879802626908177,0.00028122599303847325,6.677707623479695e-05,0.002479153400069546,46.88063660477454,45.0,29.340972598832195,1,135
2017351,2017-12-17,2017,12,1,0.0003670693043645167,0.00022477986187010584,0.0003782857542514205,6.677707623479695e-05,0.0029943419864698214,49.09465020576132,46.0,32.508276230921595,1,142
2017358,2017-12-24,2017,12,1,0.0003013494234194952,0.00019642076583367357,0.00028419705767848507,6.677707623479695e-05,0.0022864483748491924,44.354084373518724,41.0,29.43844119015047,1,132
2017365,2017-12-31,2017,12,1,0.00044218255659421695,0.0002789134129525243,0.0004516033015382543,6.677707623479695e-05,0.004368148557683102,55.61436718844801,54.0,33.60756439812748,1,156
2018007,2018-01-07,2018,1,1,0.0010039539798535782,0.0006435812752801322,0.000984409342620954,6.677707623479695e-05,0.005876941937084154,81.44758242450986,85.0,41.623038663555604,1,167
2018014,2018-01-14,2018,1,1,0.00029296470415687164,0.0001861055822416004,0.00028304299804133464,6.677707623479695e-05,0.001944810989946302,43.210840377921436,39.0,29.24378068821996,1,126
2018021,2018-01-21,2018,1,1,0.00048343078150148746,0.0002943726110391355,0.0005307227581836614,6.677707623479695e-05,0.0047363021478686205,58.59867549668874,56.0,33.49499119766691,1,159
2018028,2018-01-28,2018,1,1,0.000495851941086199,0.00031068865857931445,0.0005246228552441567,6.677707623479695e-05,0.005275885965362675,59.08347203728362,58.0,34.66834647723476,1,163
2018035,2018-02-04,2018,2,1,0.000949902564484875,0.0006611764860334898,0.0008844433128336854,6.677707623479695e-05,0.004865790431142645,83.65959918675574,86.0,36.154447513499,1,160
2018042,2018-02-11,2018,2,1,0.00043368222108041554,0.00025038793588587333,0.0005832108126363502,6.677707623479695e-05,0.0067254508006298515,52.4792473713337,50.0,34.207454695004785,1,172
2018056,2018-02-25,2018,2,1,0.00047759942009839557,0.0003024206204051557,0.00048256676582138664,6.677707623479695e-05,0.0049988188634573615,58.23819436835762,57.0,34.235805419943866,1,161
2018063,2018-03-04,2018,3,2,0.00037319660471945437,0.00023723862594941727,0.0003868622136071655,6.677707623479695e-05,0.004028611610130368,50.56389925373134,48.0,31.624821144280965,1,153
2018070,2018-03-11,2018,3,2,0.0003346085544205333,0.000207307684089783,0.00039373875069372645,6.677707623479695e-05,0.005568309930770164,46.08242556281772,43.0,31.08492297299765,1,165
2018077,2018-03-18,2018,3,2,0.0003688244493629626,0.00025038793588587333,0.0003776431365198782,6.677707623479695e-05,0.004610259803284842,50.893981128758135,50.0,30.805853315236448,1,158
2018084,2018-03-25,2018,3,2,0.00030567746875027115,0.0001861055822416004,0.00032005390515939914,6.677707623479695e-05,0.004251903506478243,43.69519281563655,39.0,30.32539204769251,1,155
2018091,2018-04-01,2018,4,2,0.00035642417010500077,0.00022477986187010584,0.00041319808101282377,6.677707623479695e-05,0.0067254508006298515,48.421043992120815,46.0,31.460062912581616,1,172
2018098,2018-04-08,2018,4,2,0.0004920383690714128,0.0003024206204051557,0.0006189936418892504,6.677707623479695e-05,0.005720544917298125,58.31428571428572,57.0,33.827412213800635,1,166
2018105,2018-04-15,2018,4,2,0.00028622420150879643,0.0001670718955428824,0.0003793061453848973,6.677707623479695e-05,0.0033354727736323755,40.26560788608981,35.0,29.317764485790438,1,146
2018112,2018-04-22,2018,4,2,0.00027079452562382234,0.00017633210823958287,0.0003347816721781994,6.677707623479695e-05,0.010637985646376327,40.67960385438972,37.0,27.927308353604896,1,189
2018119,2018-04-29,2018,4,2,0.000604337243944449,0.0002789134129525243,0.0007568987128495251,6.860273023526938e-05,0.004251903506478243,60.09787234042553,54.0,39.684326126997746,2,155
2018126,2018-05-06,2018,5,2,0.0005990699761095221,0.0002789134129525243,0.0008682463895056712,8.512426989050051e-05,0.003426663037657071,61.583333333333336,54.0,34.3243313441387,10,147
2018133,2018-05-13,2018,5,2,0.005402651796285733,0.006037614778168966,0.0035886831267036294,6.677707623479695e-05,0.012506719222878195,145.26591230551625,168.0,47.95501204587959,1,195
2018140,2018-05-20,2018,5,2,0.008263626530935498,0.009048475191279258,0.002880968293484071,6.677707623479695e-05,0.016378849789041684,174.14461538461538,183.0,27.652775800404843,1,205
2018147,2018-05-27,2018,5,2,0.01026456112713958,0.012506719222878195,0.005466004055058358,6.677707623479695e-05,0.020878985851911634,173.33920417482062,195.0,44.52167772258352,1,214
2018154,2018-06-03,2018,6,3,0.013947068870328955,0.014703725960862944,0.00541656508372508,7.24051403982037e-05,0.024546716116058534,192.2594752186589,201.0,30.716416950525662,4,220
2018161,2018-06-10,2018,6,3,0.007238170249421735,0.008123055116193332,0.005422778106929436,6.677707623479695e-05,0.017286672330235658,153.15141047783536,179.0,50.230276744312356,1,207
2018168,2018-06-17,2018,6,3,0.003442113789635068,0.0011796948571828883,0.003700624846645563,6.677707623479695e-05,0.010079323864733893,105.1086956521739,106.5,66.58117904217754,1,187
2018175,2018-06-24,2018,6,3,0.006230349018802503,0.003817046054913863,0.005786738892887439,6.677707623479695e-05,0.02203623524596353,142.2189928057554,151.0,54.14876483169777,1,216
2018182,2018-07-01,2018,7,3,0.0026878272921279753,0.0016101984342484148,0.0038483433004133493,6.677707623479695e-05,0.022638695600632062,110.26801928736928,119.0,47.91691888181236,1,217
2018189,2018-07-08,2018,7,3,0.0022897021935836385,0.0005623845744677356,0.004818624898059322,6.677707623479695e-05,0.02734320383481737,85.87705776713558,80.0,53.518021400549806,1,224
2018196,2018-07-15,2018,7,3,0.00575575808258471,0.001997981211887043,0.007175299478177183,6.677707623479695e-05,0.025907255011613735,130.81953601953603,127.0,56.27580702176362,1,222
2018203,2018-07-22,2018,7,3,0.003912379718930085,0.002479153400069546,0.004547953663429555,6.677707623479695e-05,0.03580876970056082,130.45719602977667,135.0,43.320033922378386,1,234
2018210,2018-07-29,2018,7,3,0.002947958841619432,0.0021087223447745704,0.003324489265983795,6.677707623479695e-05,0.021449807549949466,121.34821071856629,129.0,42.55222675681853,1,215
2018217,2018-08-05,2018,8,3,0.0024732473127735462,0.0013331573150600305,0.0032445243991246183,6.677707623479695e-05,0.020878985851911634,113.73645880746473,112.0,39.37702602879613,1,214
2018224,2018-08-12,2018,8,3,0.002236368950702618,0.0014850374297406216,0.002728783057381982,6.677707623479695e-05,0.019256058648191517,110.93595159264757,116.0,41.12958793418085,1,211
2018231,2018-08-19,2018,8,3,0.0029675112371429038,0.0016994461197228832,0.0034660951023097533,6.677707623479695e-05,0.02325762693933648,117.30379175443876,121.0,46.52473379091541,1,218
2018238,2018-08-26,2018,8,3,0.0033358639758038775,0.001997981211887043,0.0035675494557907317,6.677707623479695e-05,0.019782510276304014,122.07453211311733,127.0,47.57851352806143,1,212
2018245,2018-09-02,2018,9,4,0.0035603729583968398,0.002348958802944899,0.0038909838119380994,6.677707623479695e-05,0.02389347957106892,120.69611360239163,133.0,52.37006013599548,1,219
2018252,2018-09-09,2018,9,4,0.006637885507018537,0.007696466794452358,0.004382719590980702,6.677707623479695e-05,0.019256058648191517,147.84700973574408,177.0,57.79166423366769,1,211
2018259,2018-09-16,2018,9,4,0.006313326099421747,0.007906884593269861,0.004733525577677183,6.677707623479695e-05,0.03045828176842181,143.0785123966942,178.0,58.44216461082364,1,228
2018266,2018-09-23,2018,9,4,0.003995001008903511,0.0012976793686699736,0.004159702922425115,6.677707623479695e-05,0.01594297628170528,113.08666911494674,111.0,64.78378839163935,1,204
2018273,2018-09-30,2018,9,4,0.007265388908922024,0.007906884593269861,0.0026512698624340425,6.677707623479695e-05,0.012848647071018005,168.8036135113904,178.0,28.65781135933423,1,196
2018280,2018-10-07,2018,10,4,0.00658429585883988,0.007906884593269861,0.004640867000152726,6.677707623479695e-05,0.01594297628170528,144.58485193621868,178.0,60.69942731761565,1,204
2018287,2018-10-14,2018,10,4,0.003204156666729222,0.0002943726110391355,0.004999773574254895,6.677707623479695e-05,0.017286672330235658,82.23389830508475,56.0,70.41436344751313,1,207
2018294,2018-10-21,2018,10,4,0.002912243054976344,0.0006978231935532213,0.0038903988683946394,6.677707623479695e-05,0.015105718944621501,96.16869918699187,88.0,63.33641486277143,1,202
2018301,2018-10-28,2018,10,4,0.0008487918763321959,0.00024723602538771435,0.0012938516319646021,6.860273023526938e-05,0.004251903506478243,61.666666666666664,49.5,47.816199021763424,2,155
2018308,2018-11-04,2018,11,4,0.00031022190217649937,0.00019119362172890828,0.000365006296098325,6.677707623479695e-05,0.004368148557683102,43.837786259541986,40.0,30.26562468952929,1,156
2018315,2018-11-11,2018,11,4,0.00037382184622569595,0.00022477986187010584,0.00043141222281929063,6.677707623479695e-05,0.003715466928598598,49.2828546562228,46.0,32.276318320309535,1,150
2018322,2018-11-18,2018,11,4,0.0004657988118021026,0.0002642660662288421,0.0005350203605921294,6.677707623479695e-05,0.003921402306985135,55.578220858895705,52.0,34.93932099277094,1,152
2018329,2018-11-25,2018,11,4,0.00015707347110200293,9.741445384640692e-05,0.00011188552147146818,6.860273023526938e-05,0.00042943100759441867,25.82608695652174,15.0,20.946416470340708,2,70
2018336,2018-12-02,2018,12,1,0.0002647120839829776,0.0001670718955428824,0.0002857805122479611,6.677707623479695e-05,0.0022864483748491924,38.965017064846414,35.0,28.855021355440318,1,132
2018343,2018-12-09,2018,12,1,0.00029250622024614716,0.00019642076583367357,0.0003367228547825792,6.677707623479695e-05,0.004028611610130368,43.22826614861583,41.0,28.397295109803228,1,153
2018350,2018-12-16,2018,12,1,0.0002882845376322251,0.0001670718955428824,0.0003484335148005025,6.677707623479695e-05,0.003426663037657071,40.87664733790195,35.0,29.61552200512051,1,147
2018357,2018-12-23,2018,12,1,0.0004381194724315847,0.00028653877508056605,0.0004198158705192643,6.677707623479695e-05,0.0024131782368785257,56.28098471986418,55.0,32.82629068263867,1,134
2018364,2018-12-30,2018,12,1,0.0004728353283149136,0.0002789134129525243,0.00046221126005320566,6.677707623479695e-05,0.002166373826416068,57.18473895582329,54.0,35.08254763592056,1,130
2019006,2019-01-06,2019,1,1,0.00040509984763009173,0.00021297537911518986,0.0005110515948921981,6.677707623479695e-05,0.0035203464008066207,49.279661016949156,44.0,34.81081085564459,1,148
2019013,2019-01-13,2019,1,1,0.0003406527061821355,0.000207307684089783,0.0003757251777709694,6.677707623479695e-05,0.004865790431142645,47.13569989929506,43.0,31.065915440457335,1,160
2019020,2019-01-20,2019,1,1,0.0003735704404260777,0.00023723862594941727,0.00038051951844886615,6.677707623479695e-05,0.0047363021478686205,50.43797635232563,48.0,31.919477460936697,1,159
2019027,2019-01-27,2019,1,1,0.0008854948757966501,0.0006264543077991759,0.0008324179561907351,6.677707623479695e-05,0.0062026803395049835,79.61277955271565,84.0,38.34402323483012,1,169
2019034,2019-02-03,2019,2,1,0.000690051820087808,0.00041800300124171275,0.0007244899773371905,6.677707623479695e-05,0.0062026803395049835,68.62852269178099,69.0,38.679809656099415,1,169
2019041,2019-02-10,2019,2,1,0.00046894526617030364,0.0003024206204051557,0.0004646229373570466,6.677707623479695e-05,0.005135484230830132,57.969052073589026,57.0,33.897809424209036,1,162
2019048,2019-02-17,2019,2,1,0.00035359319834385927,0.00023723862594941727,0.0003335038125892812,6.677707623479695e-05,0.0049988188634573615,49.68286634552347,48.0,30.748429877658637,1,161
2019055,2019-02-24,2019,2,1,0.0005503472664971468,0.0003752523321380315,0.0005078099675150652,6.677707623479695e-05,0.003715466928598598,64.05636400901824,65.0,34.62119599088612,1,150
2019062,2019-03-03,2019,3,2,0.00045491531167183674,0.0003279090477509843,0.0004007825233011501,6.677707623479695e-05,0.004028611610130368,58.769624084754774,60.0,32.26568371249604,1,153
2019069,2019-03-10,2019,3,2,0.0003073746358341614,0.00020179081761101134,0.0003085379266047042,6.677707623479695e-05,0.006909321476787905,45.174979907574844,42.0,29.189065675826722,1,173
2019076,2019-03-17,2019,3,2,0.0003153657616189501,0.000207307684089783,0.000321541324963959,6.677707623479695e-05,0.005420126217583866,45.70577228165806,43.0,29.662995367688517,1,164
2019083,2019-03-24,2019,3,2,0.00026009089297213226,0.00017163956294706596,0.00028938367461867217,6.677707623479695e-05,0.0067254508006298515,39.7385993985147,36.0,27.19525261619061,1,172
2019090,2019-03-31,2019,3,2,0.00040363162146485196,0.00023723862594941727,0.0004805849228878687,6.677707623479695e-05,0.006546473285929751,51.20843277645187,48.0,33.69657757376881,1,171
2019097,2019-04-07,2019,4,2,0.00038016402967045685,0.00025038793588587333,0.00036559466992077495,6.677707623479695e-05,0.005420126217583866,51.286668447769166,50.0,32.17139680383477,1,164
2019104,2019-04-14,2019,4,2,0.0005675719615605761,0.0003752523321380315,0.0005385483984804904,6.677707623479695e-05,0.003426663037657071,65.2,65.0,34.089763859551745,1,147
2019111,2019-04-21,2019,4,2,0.00041263914519279915,0.0002642660662288421,0.0004209874680808765,6.677707623479695e-05,0.004610259803284842,53.81060875756497,52.0,32.5972993433216,1,158
2019118,2019-04-28,2019,4,2,0.000879860358406686,0.0005935555907538227,0.0008893617609370746,6.677707623479695e-05,0.004251903506478243,78.79061371841155,82.0,38.236668264695346,1,155
2019125,2019-05-05,2019,5,2,0.00042973111128093074,0.000207307684089783,0.0007254410016302474,6.677707623479695e-05,0.0049988188634573615,48.333333333333336,43.0,35.655815300606406,1,161
2019132,2019-05-12,2019,5,2,0.0011557429714168105,0.0006885379675821569,0.001426069912907538,6.860273023526938e-05,0.006372258716007311,83.06716417910448,87.5,43.049987910826395,2,170
2019139,2019-05-19,2019,5,2,0.002137734836599222,0.0012981514377445832,0.0020482615823338075,6.860273023526938e-05,0.009048475191279258,102.74175824175825,111.0,51.64251925217033,2,183
2019146,2019-05-26,2019,5,2,0.007011661602001823,0.007696466794452358,0.0027953641325401467,7.047829676137728e-05,0.013931548782293813,165.85225505443236,177.0,32.769351938747455,3,199
2019153,2019-06-02,2019,6,3,0.009071601451096213,0.009811093170815422,0.005005363307353642,6.677707623479695e-05,0.017759281858445344,168.63958736299162,186.0,44.329458845756825,1,208
2019160,2019-06-09,2019,6,3,0.00827169588899147,0.008345135640006504,0.006236215981224296,6.677707623479695e-05,0.021449807549949466,154.13753753753753,180.0,57.675031960580625,1,215
2019167,2019-06-16,2019,6,3,0.0056108976070382635,0.004548915748724481,0.0047015965617516475,6.677707623479695e-05,0.017286672330235658,139.54856787048567,157.5,54.965140723108746,1,207
2019174,2019-06-23,2019,6,3,0.0038779864949500687,0.0033354727736323755,0.003277661768012114,6.677707623479695e-05,0.015105718944621501,129.0329994107248,146.0,50.4994976668482,1,202
2019181,2019-06-30,2019,6,3,0.0030926849169993645,0.002546932293333868,0.0027093708066730704,6.677707623479695e-05,0.01594297628170528,122.65102639296188,136.0,46.37256596645355,1,204
2019188,2019-07-07,2019,7,3,0.0031985193578313725,0.0009908944592761167,0.00410302434188155,6.677707623479695e-05,0.024546716116058534,108.22726231386025,101.0,56.26104383027058,1,220
2019195,2019-07-14,2019,7,3,0.009891454251263126,0.0072922810778448905,0.009991318305245715,6.677707623479695e-05,0.05977992970248461,161.84090259925736,175.0,51.97173221170662,1,253
2019202,2019-07-21,2019,7,3,0.01505430245065783,0.010637985646376327,0.013076319647284267,6.677707623479695e-05,0.05977992970248461,180.69753145711266,189.0,48.76596111290771,1,253
2019209,2019-07-28,2019,7,3,0.010815961154433073,0.009048475191279258,0.009375833155352599,6.677707623479695e-05,0.05977992970248461,171.41516115045528,183.0,44.68697304577187,1,253
2019216,2019-08-04,2019,8,3,0.011296719447324402,0.00880767741436161,0.010624819970411878,6.677707623479695e-05,0.05977992970248461,173.41785471826205,182.0,42.291302833740374,1,253
2019223,2019-08-11,2019,8,3,0.005895860603561386,0.003817046054913863,0.006101814640879112,6.677707623479695e-05,0.04325012828782989,143.71307521835485,151.0,48.558052185905424,1,241
2019230,2019-08-18,2019,8,3,0.006702786839948686,0.004028611610130368,0.007932697537596192,6.677707623479695e-05,0.05977992970248461,144.44404397188683,153.0,52.35028834487488,1,253
2019237,2019-08-25,2019,8,3,0.004249531638121957,0.0028370918749717113,0.004167203974083336,6.677707623479695e-05,0.020878985851911634,126.76225490196079,140.0,54.900167983245915,1,214
2019244,2019-09-01,2019,9,4,0.002007486432587976,0.0006264543077991759,0.003343648391615862,6.677707623479695e-05,0.03129099693196857,90.56880173700638,84.0,51.93132302085198,1,229
2019251,2019-09-08,2019,9,4,0.0022658450688200064,0.0005623845744677356,0.0031180160070629244,6.677707623479695e-05,0.022638695600632062,90.35180055401662,80.0,59.966548123936946,1,217
2019258,2019-09-15,2019,9,4,0.0019585597863881433,0.0006435812752801322,0.0027635003941380767,6.677707623479695e-05,0.020878985851911634,90.74254698639015,85.0,53.329375994839154,1,214
2019265,2019-09-22,2019,9,4,0.002573461429694071,0.00046562404569629304,0.003396267501374543,6.677707623479695e-05,0.015105718944621501,90.73963290278722,73.0,62.80894787707541,1,202
2019272,2019-09-29,2019,9,4,0.0024011363635893044,0.000491431963214887,0.003152322796814861,6.677707623479695e-05,0.012506719222878195,90.02269692923899,75.0,61.24986814134961,1,195
2019279,2019-10-06,2019,10,4,0.0020233523373204988,0.0003752523321380315,0.0030399184514390424,6.677707623479695e-05,0.012848647071018005,80.6656120229385,65.0,59.82155514149827,1,196
2019286,2019-10-13,2019,10,4,0.0022214103483935285,0.0003024206204051557,0.003445954551765564,6.677707623479695e-05,0.012506719222878195,78.04698972099852,57.0,63.42900947999156,1,195
2019293,2019-10-20,2019,10,4,0.0024820620255443806,0.00044117145029042725,0.003021335379460466,6.677707623479695e-05,0.010354887860243467,89.31694173122263,71.0,65.20245631215181,1,188
2019300,2019-10-27,2019,10,4,0.0030752744017074414,0.0011649610361989483,0.003300991179129085,6.677707623479695e-05,0.011849919498210883,102.36036625245258,107.0,65.12722588494164,1,193
2019307,2019-11-03,2019,11,4,0.001965226374915266,0.0003024206204051557,0.0030117564511218916,6.677707623479695e-05,0.010928823193440932,76.54476287091047,57.0,61.76300669109743,1,190
2019314,2019-11-10,2019,11,4,0.0006291225300487275,0.00021297537911518986,0.0010844384677724782,6.677707623479695e-05,0.006909321476787905,53.80979716800612,44.0,42.28340258780066,1,173
2019321,2019-11-17,2019,11,4,0.00031774293055000395,0.00019119362172890828,0.0003851373537472211,6.677707623479695e-05,0.003921402306985135,43.78349912229374,40.0,31.076642216341675,1,152
2019328,2019-11-24,2019,11,4,0.00030895332956589096,0.00018115294552343463,0.00043785131111915,6.677707623479695e-05,0.0029943419864698214,41.24425887265136,38.0,31.206512010842875,1,142
2019335,2019-12-01,2019,12,1,0.00032116322671759263,0.00021879802626908177,0.0003019175855217212,6.677707623479695e-05,0.0029146566385597063,46.72427336999215,45.0,29.81297054716166,1,141
2019342,2019-12-08,2019,12,1,0.0003009644820738218,0.00020179081761101134,0.0002808962264287302,6.677707623479695e-05,0.004138751965430195,44.921996413628214,42.0,28.848882333186943,1,154
2019349,2019-12-15,2019,12,1,0.00024405601907418273,0.00015829798984973465,0.00024297412947665964,6.677707623479695e-05,0.004610259803284842,37.65924950625411,33.0,27.181864131909844,1,158
2019356,2019-12-22,2019,12,1,0.00045273980330108295,0.00025723342482601144,0.000524557375173173,6.677707623479695e-05,0.004028611610130368,54.87376725838264,51.0,34.46931920818301,1,153
2019363,2019-12-29,2019,12,1,0.00040621186915492627,0.00025723342482601144,0.00040583394185029456,6.677707623479695e-05,0.0031603079234173324,52.864010394110004,51.0,33.17405114947746,1,144
2020005,2020-01-05,2020,1,1,0.00029943441213350897,0.00019119362172890828,0.000300696978253019,6.677707623479695e-05,0.0031603079234173324,43.851888733983934,40.0,29.35189029182754,1,144
2020012,2020-01-12,2020,1,1,0.000369434736795736,0.00021014153160248643,0.00047807409064737556,6.677707623479695e-05,0.004610259803284842,48.03769841269841,43.5,32.42418763684058,1,158
2020019,2020-01-19,2020,1,1,0.00034354394419876206,0.00022477986187010584,0.00031573739864463045,6.677707623479695e-05,0.003715466928598598,48.892313303547006,46.0,30.41520495479205,1,150
2020026,2020-01-26,2020,1,1,0.00041106116407057765,0.00025723342482601144,0.0003898457474012464,6.677707623479695e-05,0.002052605082802338,53.436317780580076,51.0,33.261640654459306,1,128
2020033,2020-02-02,2020,2,1,0.0003195073248286278,0.00020179081761101134,0.00032178851008090356,6.677707623479695e-05,0.0024131782368785257,45.296160877513714,42.0,30.75449824972006,1,134
2020040,2020-02-09,2020,2,1,0.00034704985513715514,0.0002437246189121554,0.0003094173796354457,6.677707623479695e-05,0.003715466928598598,50.257060164883356,49.0,29.354527102565523,1,150
2020047,2020-02-16,2020,2,1,0.0004235234302067485,0.0002437246189121554,0.0005230186950209165,6.677707623479695e-05,0.0062026803395049835,52.21954090641554,49.0,34.133821669696445,1,169
2020054,2020-02-23,2020,2,1,0.00031285458812972086,0.00020179081761101134,0.000318405543821277,6.677707623479695e-05,0.0049988188634573615,45.13543844207283,42.0,29.88453644009539,1,161
2020061,2020-03-01,2020,3,2,0.000390948900815357,0.00025038793588587333,0.00040150387590042407,6.677707623479695e-05,0.004487571694164119,52.05094991364422,50.0,32.07496742581501,1,157
2020068,2020-03-08,2020,3,2,0.00038144499296234846,0.00025038793588587333,0.0003775387590581007,6.677707623479695e-05,0.0032467092624460787,51.76373626373626,50.0,31.43925248839966,1,145
2020075,2020-03-15,2020,3,2,0.0004136199973483486,0.0002789134129525243,0.00038153626472030923,6.677707623479695e-05,0.0031603079234173324,54.83891076115486,54.0,32.066833224365645,1,144
2020082,2020-03-22,2020,3,2,0.0004521703841611257,0.0002943726110391355,0.0004938320842930858,6.677707623479695e-05,0.003616591023243861,56.96109693877551,56.0,32.35492174371039,1,149
2020089,2020-03-29,2020,3,2,0.00033343411902048685,0.00021297537911518986,0.0003653016355458447,6.677707623479695e-05,0.0029943419864698214,46.46954314720812,44.0,30.755468108500825,1,142
2020096,2020-04-05,2020,4,2,0.0003019869626070097,0.00018115294552343463,0.0003303928765597995,6.677707623479695e-05,0.005135484230830132,43.13388510223953,38.0,30.144153674924276,1,162
2020103,2020-04-12,2020,4,2,0.0003880177153049847,0.00023723862594941727,0.00044152833704680063,6.677707623479695e-05,0.006037614778168966,50.795051423461025,48.0,32.5276020369997,1,168
2020110,2020-04-19,2020,4,2,0.0003432425963226548,0.00021879802626908177,0.00038639665892184147,6.677707623479695e-05,0.0072922810778448905,47.692029857934024,45.0,30.86216417407269,1,175
2020117,2020-04-26,2020,4,2,0.0005369069206578213,0.00034608390305791557,0.0005981922437557867,6.677707623479695e-05,0.004865790431142645,62.06927710843374,62.0,34.218178719784525,1,160
2020124,2020-05-03,2020,5,2,0.0004064516227931233,0.0002437246189121554,0.0004780401620319251,6.677707623479695e-05,0.005135484230830132,51.856034004805025,49.0,33.028968234747474,1,162
2020131,2020-05-10,2020,5,2,0.00044451846272529127,0.00025723342482601144,0.0006348547260085378,6.677707623479695e-05,0.007906884593269861,53.23205187586846,51.0,34.271014399644415,1,178
2020138,2020-05-17,2020,5,2,0.0006919787819876567,0.00039605126064267137,0.0009831207018150994,6.677707623479695e-05,0.007696466794452358,65.86549707602339,67.0,38.96496450237115,1,177
2020145,2020-05-24,2020,5,2,0.0010616471992102934,0.0007669797420801727,0.0010781386836677055,6.677707623479695e-05,0.007906884593269861,86.24793388429752,91.5,38.7869324914307,1,178
2020152,2020-05-31,2020,5,2,0.0011390040377279788,0.0005117689033178182,0.0019898095800781643,6.677707623479695e-05,0.013931548782293813,75.90983606557377,76.5,45.1271435344592,1,199
2020159,2020-06-07,2020,6,3,0.0009861117372115806,0.0005048674830098632,0.0009834925813603367,6.677707623479695e-05,0.0035203464008066207,79.23529411764706,76.0,42.77785217467329,1,148
2020166,2020-06-14,2020,6,3,0.004657427032041673,0.004368148557683102,0.003333500152907564,7.24051403982037e-05,0.013560802783119358,141.03154574132492,156.0,45.000689954142416,4,198
2020173,2020-06-21,2020,6,3,0.004089314799122088,0.004138751965430195,0.002728943635406192,6.677707623479695e-05,0.013931548782293813,138.92723004694835,154.0,41.03827779573646,1,199
2020180,2020-06-28,2020,6,3,0.001549894729630293,0.000938856894793467,0.001625278308393765,6.677707623479695e-05,0.010354887860243467,94.33333333333333,99.0,45.65287707456328,1,188
2020187,2020-07-05,2020,7,3,0.0022197976203854777,0.0015673478770918932,0.002212493213009386,6.677707623479695e-05,0.013199923066441688,109.6763925729443,118.0,44.65097537389952,1,197
2020194,2020-07-12,2020,7,3,0.004568206428908639,0.0033354727736323755,0.004606101808729347,6.677707623479695e-05,0.04325012828782989,136.85054854067482,146.0,45.8601866134169,1,241
2020201,2020-07-19,2020,7,3,0.004404470065442835,0.003715466928598598,0.003250201238886848,6.677707623479695e-05,0.020878985851911634,141.36440222262055,150.0,39.94958772141716,1,214
2020208,2020-07-26,2020,7,3,0.003139347521603507,0.0026165642298072124,0.0023635005583537605,6.677707623479695e-05,0.011849919498210883,126.48108108108109,137.0,43.16330491180615,1,193
2020215,2020-08-02,2020,8,3,0.0028902912572110044,0.002348958802944899,0.0024443033601681935,6.677707623479695e-05,0.020323354845454233,123.36705503457422,133.0,41.67428593222314,1,213
2020222,2020-08-09,2020,8,3,0.002199402640309402,0.0013696052118942733,0.0025631096299357317,6.677707623479695e-05,0.016826639874000782,108.46868323400427,113.0,42.961087846587176,1,206
2020229,2020-08-16,2020,8,3,0.0036216186221562493,0.0011968105255155059,0.005598281061805617,6.677707623479695e-05,0.04443256654631229,110.70261379800853,108.0,56.218077905180834,1,242
2020236,2020-08-23,2020,8,3,0.006055843837775519,0.004487571694164119,0.005835012416740156,6.677707623479695e-05,0.03882678224095402,144.30716981132076,157.0,50.61097264790898,1,237
2020243,2020-08-30,2020,8,3,0.002037726830519401,0.0005328505274418883,0.00307923984442102,6.677707623479695e-05,0.02389347957106892,87.98599336527829,78.0,56.11802851901513,1,219
2020250,2020-09-06,2020,9,4,0.002436352951923732,0.001997981211887043,0.0018604814998812106,6.677707623479695e-05,0.010079323864733893,118.72140762463343,127.0,39.91556093877069,1,187
2020257,2020-09-13,2020,9,4,0.0018987319450000102,0.001103782235093063,0.00193563301879045,6.677707623479695e-05,0.011534569761210737,100.55233656631817,105.0,47.824909229748606,1,192
2020264,2020-09-20,2020,9,4,0.0022840354266774688,0.001997981211887043,0.0017809496945505902,6.677707623479695e-05,0.012173890749379723,114.6437133072407,127.0,42.598919555173005,1,194
2020271,2020-09-27,2020,9,4,0.0010255217648204931,0.0005474184113914281,0.0011176874373354162,6.677707623479695e-05,0.009295856266680787,80.08453430845343,79.0,42.72802072668221,1,184
2020278,2020-10-04,2020,10,4,0.0005982315934582477,0.0003368739275955696,0.0007340968495986404,6.677707623479695e-05,0.0067254508006298515,62.4647112740605,61.0,37.82121082721102,1,172
2020285,2020-10-11,2020,10,4,0.00053584548249436,0.00023723862594941727,0.000749799612359427,6.677707623479695e-05,0.004865790431142645,54.66775956284153,48.0,39.29725582970735,1,160
2020292,2020-10-18,2020,10,4,0.0008832017579848394,0.0004532328711930874,0.0008931996996751783,7.24051403982037e-05,0.003715466928598598,73.56140350877193,72.0,44.70331733200908,4,150
2020299,2020-10-25,2020,10,4,0.0003493028202582604,0.00017163956294706596,0.0004341977245537219,6.677707623479695e-05,0.0026880998708233637,44.34700315457413,36.0,33.79310915016093,1,138
2020306,2020-11-01,2020,11,4,0.00022937333431819382,0.00015408536802776344,0.00024169640573630668,6.677707623479695e-05,0.003616591023243861,35.968688293370946,32.0,25.96861252012104,1,149
2020313,2020-11-08,2020,11,4,0.0003696622527542228,0.00023092523805587757,0.00044721401772665893,6.677707623479695e-05,0.003715466928598598,49.24799081515499,47.0,31.329375591493097,1,150
2020320,2020-11-15,2020,11,4,0.0002341144817929629,0.00015408536802776344,0.0002328247293251064,6.677707623479695e-05,0.003715466928598598,36.616132392084246,32.0,26.375348979854518,1,150
2020327,2020-11-22,2020,11,4,0.0005019103298737028,0.00025723342482601144,0.0010011864233927983,6.677707623479695e-05,0.013199923066441688,54.15942028985507,51.0,37.05432355812108,1,197
2020334,2020-11-29,2020,11,4,0.00036430188249058016,0.00020179081761101134,0.0004294080591473662,6.677707623479695e-05,0.003715466928598598,47.21519795657726,42.0,33.14308233935326,1,150
2020341,2020-12-06,2020,12,1,0.00038982446966748675,0.00020179081761101134,0.0004645698481827122,6.677707623479695e-05,0.0028370918749717113,48.067019400352734,42.0,34.9342403973373,1,140
2020348,2020-12-13,2020,12,1,0.0004865364380200013,0.00034608390305791557,0.0004265808881910847,6.677707623479695e-05,0.0029943419864698214,61.34128035320088,62.0,32.192804855330806,1,142
2020355,2020-12-20,2020,12,1,0.00032899950885933115,0.000207307684089783,0.0003003307259639345,6.677707623479695e-05,0.001944810989946302,47.06850961538461,43.0,30.605922137621313,1,126
2020362,2020-12-27,2020,12,1,0.0002760313619459175,0.0001626257827800473,0.0003197950139263195,6.677707623479695e-05,0.0049988188634573615,39.86278328611898,34.0,29.391481444262826,1,161
2021003,2021-01-03,2021,1,1,0.0005486328707430163,0.00031918274104621267,0.0005507732412991076,6.677707623479695e-05,0.0032467092624460787,61.44606413994169,59.0,37.12027383259672,1,145
2021010,2021-01-10,2021,1,1,0.0003847424916262913,0.0002714909767550741,0.00034748278147852054,6.677707623479695e-05,0.0024131782368785257,53.637075718015666,53.0,30.016207698639143,1,134
2021017,2021-01-17,2021,1,1,0.0003565707774488099,0.00020179081761101134,0.0004003498824221812,6.677707623479695e-05,0.003426663037657071,47.15853018372703,42.0,32.866197554199374,1,147
2021024,2021-01-24,2021,1,1,0.0004492447282181183,0.00028653877508056605,0.0004352238565742088,6.677707623479695e-05,0.004610259803284842,56.26882430647292,55.0,34.236179351045855,1,158
2021031,2021-01-31,2021,1,1,0.00030635834225532614,0.00020179081761101134,0.0003017574819940396,6.677707623479695e-05,0.005275885965362675,44.853947748963655,42.0,29.5123183343108,1,163
2021038,2021-02-07,2021,2,1,0.00038008113794140086,0.00023092523805587757,0.00040336035316254203,6.677707623479695e-05,0.0047363021478686205,49.912732784755306,47.0,33.098942945417406,1,159
2021045,2021-02-14,2021,2,1,0.0005088959894315622,0.00034608390305791557,0.00045134655375679865,6.677707623479695e-05,0.0026165642298072124,61.603302097278004,62.0,34.18160502481566,1,137
2021052,2021-02-21,2021,2,1,0.0003019912029416317,0.00019119362172890828,0.00032622045247375595,6.677707623479695e-05,0.007491648628402593,43.74909445528002,40.0,29.527955026482417,1,176
2021059,2021-02-28,2021,2,1,0.0003319860005174105,0.00020179081761101134,0.00038991035348923516,6.677707623479695e-05,0.005135484230830132,45.89999215624755,42.0,30.770309476028125,1,162
2021066,2021-03-07,2021,3,2,0.0003381606375665158,0.00021879802626908177,0.00034371706244327966,6.677707623479695e-05,0.005568309930770164,47.94136334755378,45.0,30.266376799293685,1,165
2021073,2021-03-14,2021,3,2,0.0004843119330732037,0.0003024206204051557,0.0005359281190917194,6.677707623479695e-05,0.010928823193440932,58.10570700137282,57.0,34.481768460068906,1,190
2021080,2021-03-21,2021,3,2,0.0003947976870339219,0.00025038793588587333,0.0004298772952066948,6.677707623479695e-05,0.0062026803395049835,51.982358870967744,50.0,32.322244838055596,1,169
2021087,2021-03-28,2021,3,2,0.00034948876449395963,0.00023092523805587757,0.00032668442186801225,6.677707623479695e-05,0.003616591023243861,49.65082335329341,47.0,30.227822685270425,1,149
2021094,2021-04-04,2021,4,2,0.0008513963402034054,0.000491431963214887,0.0008583111808235239,6.677707623479695e-05,0.003921402306985135,75.00393700787401,75.0,41.20273460379393,1,152
2021101,2021-04-11,2021,4,2,0.0006125402972536741,0.0003368739275955696,0.0008143454744040935,6.860273023526938e-05,0.007098219091147282,62.601941747572816,61.0,37.7434723491027,2,174
2021108,2021-04-18,2021,4,2,0.0005719228036196018,0.0002789134129525243,0.0009395739156520388,6.677707623479695e-05,0.009295856266680787,58.349685534591195,54.0,37.1360373114406,1,184
2021115,2021-04-25,2021,4,2,0.0006955308368912006,0.00036526612723037066,0.0008962823826036664,6.677707623479695e-05,0.005135484230830132,65.58212058212058,64.0,39.999090588336934,1,162
2021122,2021-05-02,2021,5,2,0.0007829996140221211,0.00040687911668479677,0.0010513471552350648,6.677707623479695e-05,0.0072922810778448905,69.36254980079681,68.0,40.73155770040845,1,175
2021129,2021-05-09,2021,5,2,0.0010883998726953158,0.0005623845744677356,0.0014533572905958009,6.677707623479695e-05,0.012173890749379723,78.31672025723472,80.0,45.27164537294656,1,194
2021136,2021-05-16,2021,5,2,0.0017327129425497385,0.0011968105255155059,0.0016131576643920453,6.677707623479695e-05,0.007696466794452358,102.59868421052632,108.0,42.020477443557056,1,177
2021143,2021-05-23,2021,5,2,0.00048453826540162945,0.00023723862594941727,0.0012529713809933253,6.677707623479695e-05,0.02389347957106892,51.51434426229508,48.0,34.19001966240094,1,219
2021150,2021-05-30,2021,5,2,0.003293371019834964,0.0009391984316293115,0.006403627048966758,7.047829676137728e-05,0.028858742295052624,104.23333333333333,99.0,52.31826747046495,3,226
2021157,2021-06-06,2021,6,3,0.000895140676574778,0.0007827017306328854,0.0005809933077685886,0.0001670718955428824,0.0017459081809869956,86.75,90.5,30.177599308096063,35,122
2021164,2021-06-13,2021,6,3,0.004795034257272598,0.003817046054913863,0.004165042639102316,6.677707623479695e-05,0.015105718944621501,127.14606741573034,151.0,63.043332798777996,1,202
2021171,2021-06-20,2021,6,3,0.006579883080766968,0.007098219091147282,0.00427099809347468,6.677707623479695e-05,0.017759281858445344,154.47279549718573,174.0,46.67684312300946,1,208
2021178,2021-06-27,2021,6,3,0.005615143065920402,0.0031603079234173324,0.005307344307006298,6.860273023526938e-05,0.017759281858445344,138.7042889390519,144.0,52.46166528733268,2,208
2021185,2021-07-04,2021,7,3,0.0006710683134950564,0.00033239148767327695,0.0009040644559140148,6.677707623479695e-05,0.008123055116193332,64.45973154362416,60.5,38.80142254962104,1,179
2021192,2021-07-11,2021,7,3,0.002445223909503579,0.002652332050315288,0.0015400405713648442,0.00010007771940692956,0.005420126217583866,120.18888888888888,137.5,40.280652770955946,16,164
2021199,2021-07-18,2021,7,3,0.0019062233996842964,0.0015256376578027826,0.0016357815143435489,6.677707623479695e-05,0.011534569761210737,107.54697554697555,117.0,41.34462214639255,1,192
2021206,2021-07-25,2021,7,3,0.0020196265765020298,0.0016101984342484148,0.0017698589677206322,6.677707623479695e-05,0.011534569761210737,108.56229400131839,119.0,43.093751665124216,1,192
2021213,2021-08-01,2021,8,3,0.006074569205375312,0.0029146566385597063,0.007618992625896992,6.677707623479695e-05,0.050847710161519684,134.8671586715867,141.0,56.74035892591131,1,247
2021220,2021-08-08,2021,8,3,0.0016868706595042724,0.0014850374297406216,0.0013074576588794835,6.677707623479695e-05,0.010079323864733893,105.64384850623382,116.0,38.53888957351698,1,187
2021227,2021-08-15,2021,8,3,0.0034781876209942072,0.0028370918749717113,0.002923654119030013,6.677707623479695e-05,0.02734320383481737,131.66351663070168,140.0,40.07276143416248,1,224
2021234,2021-08-22,2021,8,3,0.0030191736906856246,0.0021087223447745704,0.0028731790611384008,6.677707623479695e-05,0.02203623524596353,120.93273879875363,129.0,45.836580861846,1,216
2021241,2021-08-29,2021,8,3,0.0038583758190372554,0.0033354727736323755,0.003036905637437344,6.677707623479695e-05,0.020878985851911634,132.79736890188195,146.0,45.63663316636613,1,214
2021248,2021-09-05,2021,9,4,0.00386871712104931,0.0035203464008066207,0.0032211227273561747,6.677707623479695e-05,0.016826639874000782,126.63149078726968,148.0,53.56370658738767,1,206
2021255,2021-09-12,2021,9,4,0.002296143723344439,0.001445517653848912,0.002315738529935616,6.677707623479695e-05,0.014703725960862944,106.53488372093024,115.0,49.796594067674974,1,201
2021262,2021-09-19,2021,9,4,0.0026584979295264616,0.0021087223447745704,0.0023037345978057094,6.677707623479695e-05,0.011849919498210883,114.04108008308332,129.0,50.40197677937986,1,193
2021269,2021-09-26,2021,9,4,0.003063729100805344,0.002052605082802338,0.0031488871075557937,6.677707623479695e-05,0.025907255011613735,115.64454499748618,128.0,52.949677581149224,1,222
2021276,2021-10-03,2021,10,4,0.0039877152583926755,0.0033354727736323755,0.004066085807566742,6.677707623479695e-05,0.03882678224095402,129.44067357512952,146.0,49.34018901864927,1,237
2021283,2021-10-10,2021,10,4,0.002515501716841635,0.001997981211887043,0.0021939722854880553,6.677707623479695e-05,0.014312430803509307,114.07614852108244,127.0,47.60996646363136,1,200
2021290,2021-10-17,2021,10,4,0.0020069243797783847,0.0008428366262169363,0.002812820801713049,6.677707623479695e-05,0.013199923066441688,93.45934318084038,95.0,52.60702860315203,1,197
2021297,2021-10-24,2021,10,4,0.0007527516482802756,0.0003024206204051557,0.0011970368860062279,6.677707623479695e-05,0.009295856266680787,62.79533152909337,57.0,42.97319229016241,1,184
2021304,2021-10-31,2021,10,4,0.0005860308044654678,0.00018115294552343463,0.001233467040920065,6.677707623479695e-05,0.009550000624864566,48.69670504168321,38.0,41.5802494313784,1,185
2021311,2021-11-07,2021,11,4,0.0003800111464767764,0.00022477986187010584,0.000503373722373389,6.677707623479695e-05,0.008573287741366752,48.89699792960663,46.0,32.717661816124355,1,181
2021318,2021-11-14,2021,11,4,0.0003251343375144901,0.0001861055822416004,0.0004074758396577387,6.677707623479695e-05,0.005420126217583866,43.767450017537705,39.0,31.748611490732742,1,164
2021325,2021-11-21,2021,11,4,0.00028014940995663574,0.0001670718955428824,0.00031750194371625194,6.677707623479695e-05,0.0032467092624460787,40.4351087771943,35.0,29.459492410854548,1,145
2021332,2021-11-28,2021,11,4,0.00033580821734889306,0.00020179081761101134,0.00042073769232210825,6.677707623479695e-05,0.005876941937084154,45.71771771771772,42.0,31.131777719564568,1,167
2021339,2021-12-05,2021,12,1,0.00046278239174750197,0.0002943726110391355,0.0004136205848319626,6.677707623479695e-05,0.001997981211887043,58.70517928286853,56.0,32.975312706256894,1,127
2021346,2021-12-12,2021,12,1,0.0004367981714305774,0.00021879802626908177,0.0005570024266500468,6.677707623479695e-05,0.004251903506478243,51.23835616438356,45.0,35.914596682018455,1,155
2021353,2021-12-19,2021,12,1,0.00030406774249017957,0.0001861055822416004,0.00036289680513630943,6.677707623479695e-05,0.0067254508006298515,43.480852601156066,39.0,29.60923847921986,1,172
2021360,2021-12-26,2021,12,1,0.00043705106298503357,0.0002789134129525243,0.00044466087081538984,6.677707623479695e-05,0.004028611610130368,54.97511111111111,54.0,33.969284205471546,1,153
2022002,2022-01-02,2022,1,1,0.0002946872927214405,0.00017633210823958287,0.000324657892952305,6.677707623479695e-05,0.0030762058944845926,41.9510582010582,37.0,30.212577734737646,1,143
2022009,2022-01-09,2022,1,1,0.00035093289429351075,0.00023092523805587757,0.00034488137483066136,6.677707623479695e-05,0.004251903506478243,49.060739652216505,47.0,30.906671932849598,1,155
2022016,2022-01-16,2022,1,1,0.00040019998864262616,0.00023092523805587757,0.00046478235043588567,6.677707623479695e-05,0.005135484230830132,50.66812668463612,47.0,33.69350836740434,1,162
2022023,2022-01-23,2022,1,1,0.0006929358928028786,0.00041800300124171275,0.0007703009778548329,6.677707623479695e-05,0.009295856266680787,68.6458959411999,69.0,38.2707140836932,1,184
2022030,2022-01-30,2022,1,1,0.0006188626892138591,0.00039605126064267137,0.000599601811776582,6.677707623479695e-05,0.0035203464008066207,66.49256373937678,67.0,36.893882757561,1,148
2022037,2022-02-06,2022,2,1,0.0006267795517444338,0.00041800300124171275,0.0006073454751709499,6.677707623479695e-05,0.0032467092624460787,68.07093821510297,69.0,35.483963597308716,1,145
2022044,2022-02-13,2022,2,1,0.0008169161938786795,0.000491431963214887,0.0008555053719067318,6.677707623479695e-05,0.006546473285929751,73.87422006536595,75.0,40.2245606284778,1,171
2022051,2022-02-20,2022,2,1,0.0005607225241061303,0.00034608390305791557,0.0005834973384845043,6.677707623479695e-05,0.005420126217583866,62.71330311916822,62.0,36.11591459689088,1,164
2022058,2022-02-27,2022,2,1,0.00046431420392422637,0.0003024206204051557,0.00048363249769588126,6.677707623479695e-05,0.005275885965362675,57.51780059390101,57.0,33.507639521800265,1,163
2022065,2022-03-06,2022,3,2,0.0004724719464679611,0.00031068865857931445,0.0004587642843897341,6.677707623479695e-05,0.004865790431142645,58.77910447761194,58.0,33.34287633460703,1,160
2022072,2022-03-13,2022,3,2,0.0004096383749448894,0.0002943726110391355,0.00037373496097561746,6.677707623479695e-05,0.005275885965362675,55.297108673978066,56.0,31.2612007701939,1,163
2022079,2022-03-20,2022,3,2,0.00047462188879177796,0.00035554567493746266,0.0004275106154894776,6.677707623479695e-05,0.005876941937084154,60.903193180176274,63.0,31.56134274150399,1,167
2022086,2022-03-27,2022,3,2,0.00038332314174419004,0.0002642660662288421,0.0003688201196931425,6.677707623479695e-05,0.006909321476787905,52.62016940179989,52.0,30.95183780312733,1,173
2022093,2022-04-03,2022,4,2,0.0007403574501658124,0.00046562404569629304,0.0007919979597209384,6.677707623479695e-05,0.004368148557683102,70.75620767494357,73.0,39.392098256266614,1,156
2022100,2022-04-10,2022,4,2,0.00039694766448731677,0.00025038793588587333,0.00041858986865413465,6.677707623479695e-05,0.004028611610130368,52.334208223972006,50.0,32.278890935890765,1,153
2022107,2022-04-17,2022,4,2,0.0003525665692760257,0.00021879802626908177,0.0003679660484129796,6.677707623479695e-05,0.0029146566385597063,48.35785695975391,45.0,31.388211129651125,1,141
2022114,2022-04-24,2022,4,2,0.0004869490237671742,0.00025038793588587333,0.000636724585414551,6.677707623479695e-05,0.0062026803395049835,55.473108477666365,50.0,35.89263409171881,1,169
2022121,2022-05-01,2022,5,2,0.0006757078163757742,0.0004124410589632548,0.0007838467256474298,6.677707623479695e-05,0.005568309930770164,68.39423076923077,68.5,36.94622346403537,1,165
2022128,2022-05-08,2022,5,2,0.0007263723991804993,0.00039605126064267137,0.0008528764545859466,6.677707623479695e-05,0.006909321476787905,68.57210626185959,67.0,39.78318873833327,1,173
2022135,2022-05-15,2022,5,2,0.0009322878660241448,0.0005777599054356696,0.001582337334617585,7.24051403982037e-05,0.008123055116193332,74.68085106382979,81.0,39.768000812680945,4,179
2022142,2022-05-22,2022,5,2,0.0013996481917200733,0.001103782235093063,0.0012885994282588673,7.047829676137728e-05,0.0049988188634573615,92.41463414634147,105.0,45.01597310535727,3,161
2022149,2022-05-29,2022,5,2,0.0025988325865636103,0.0011968105255155059,0.004969622425270142,6.677707623479695e-05,0.02734320383481737,101.44444444444444,108.0,51.19768031010587,1,224
2022156,2022-06-05,2022,6,3,0.006057703353051253,0.006372258716007311,0.003919995746385778,7.641830489988815e-05,0.015105718944621501,153.6716049382716,170.0,41.25824492107466,6,202
2022163,2022-06-12,2022,6,3,0.006859466061632464,0.0067254508006298515,0.005419445276917904,6.677707623479695e-05,0.021449807549949466,147.7512315270936,172.0,56.24789449190378,1,215
2022170,2022-06-19,2022,6,3,0.007592348667828439,0.008123055116193332,0.005482208680961864,6.677707623479695e-05,0.024546716116058534,154.3918552036199,179.0,53.390962398040635,1,220
2022177,2022-06-26,2022,6,3,0.008857387791490003,0.008123055116193332,0.007469768008918862,6.677707623479695e-05,0.03129099693196857,152.37415349887132,179.0,61.06864793699206,1,229
2022184,2022-07-03,2022,7,3,0.005832984589978273,0.005275885965362675,0.004517650480220569,6.677707623479695e-05,0.022638695600632062,145.73677685950412,163.0,49.91911361052951,1,217
2022191,2022-07-10,2022,7,3,0.01001173468882491,0.009048475191279258,0.008931616351376103,6.677707623479695e-05,0.058189067831025315,162.0477657935285,183.0,54.8684429751716,1,252
2022198,2022-07-17,2022,7,3,0.007979188983789048,0.004368148557683102,0.009078149546679858,6.677707623479695e-05,0.05513322536354969,145.0420335603921,156.0,58.81296347564633,1,250
2022205,2022-07-24,2022,7,3,0.006109880628690439,0.0031603079234173324,0.0072550713988131866,6.677707623479695e-05,0.052237862751382015,138.41541508499753,144.0,55.01433053148552,1,248
2022212,2022-07-31,2022,7,3,0.006498537641262512,0.0033354727736323755,0.008203183212054207,6.677707623479695e-05,0.05513322536354969,141.22302539956232,146.0,52.92077030125211,1,250
2022219,2022-08-07,2022,8,3,0.0047850943083885805,0.0031603079234173324,0.004879530696207833,6.677707623479695e-05,0.029647726798272152,132.85856668248695,144.0,53.42496540581086,1,227
2022226,2022-08-14,2022,8,3,0.006248282294184242,0.003426663037657071,0.008378457051880105,6.677707623479695e-05,0.05977992970248461,138.07636831938183,147.0,54.08918574565551,1,253
2022233,2022-08-21,2022,8,3,0.00660546383848975,0.0028370918749717113,0.009485582551189663,6.677707623479695e-05,0.05366602146220756,136.8464467868072,140.0,55.2175464999299,1,249
2022240,2022-08-28,2022,8,3,0.0047284312519399714,0.002166373826416068,0.005490895431032758,6.677707623479695e-05,0.03045828176842181,125.95305662378995,130.0,57.30188552172512,1,228
2022247,2022-09-04,2022,9,4,0.004309161207253196,0.0026880998708233637,0.004566797164345981,6.677707623479695e-05,0.029647726798272152,121.37959461503554,138.0,60.404274967287186,1,227
2022254,2022-09-11,2022,9,4,0.0038982443787379736,0.0028370918749717113,0.00348587466682247,6.677707623479695e-05,0.01874361693655935,125.96374174417038,140.0,53.35513931980421,1,210
2022261,2022-09-18,2022,9,4,0.002854548162147793,0.0010458162845362108,0.0035790133076719645,6.677707623479695e-05,0.02389347957106892,102.66967088607595,103.0,59.457171878082,1,219
2022268,2022-09-25,2022,9,4,0.0022797817682836613,0.0010179850498743426,0.002653480751481393,6.677707623479695e-05,0.01824481230988928,100.95877288711047,102.0,53.363840988190944,1,209
2022275,2022-10-02,2022,10,4,0.004480377670346133,0.0017936404932533908,0.00743627451864326,6.677707623479695e-05,0.05977992970248461,115.89376126938333,123.0,60.24388138363223,1,253
2022282,2022-10-09,2022,10,4,0.003270953433480595,0.0014070495771637387,0.004806386791536236,6.677707623479695e-05,0.04564733211318595,108.72564486865977,114.0,57.60283634490381,1,243
2022289,2022-10-16,2022,10,4,0.002554919970802568,0.0011968105255155059,0.003094203243257066,6.677707623479695e-05,0.021449807549949466,103.15226394257316,108.0,55.21658206519951,1,215
2022296,2022-10-23,2022,10,4,0.003373873820708357,0.0008204070807291614,0.00706563204151817,6.677707623479695e-05,0.05977992970248461,98.02833139690767,94.0,59.442080895833776,1,253
2022303,2022-10-30,2022,10,4,0.005737587967332652,0.0017459081809869956,0.008671687685167058,6.677707623479695e-05,0.056640541932636894,120.38519892110587,122.0,64.97896441150877,1,251
2022310,2022-11-06,2022,11,4,0.0005961158140175333,0.0002714909767550741,0.0007554231946841433,6.677707623479695e-05,0.005135484230830132,59.69407894736842,53.0,39.89239429810992,1,162
2022317,2022-11-13,2022,11,4,0.00029029747592252374,0.00017633210823958287,0.0003195147881760295,6.677707623479695e-05,0.004610259803284842,42.058340611353714,37.0,29.506095926261544,1,158
2022324,2022-11-20,2022,11,4,0.00027231526577302335,0.00018115294552343463,0.00028614107641692667,6.677707623479695e-05,0.014312430803509307,41.196275674916954,38.0,28.127317819967484,1,200
2022331,2022-11-27,2022,11,4,0.0003047089217485878,0.00019119362172890828,0.00032181234472375,6.677707623479695e-05,0.003715466928598598,43.92995117809382,40.0,29.8232779884148,1,150
2022338,2022-12-04,2022,12,1,0.0003026907968773312,0.00019642076583367357,0.0002995607364856634,6.677707623479695e-05,0.006909321476787905,44.39753639417693,41.0,29.43453091532759,1,173
2022345,2022-12-11,2022,12,1,0.0003844359359883694,0.0002437246189121554,0.0004544097394506977,6.677707623479695e-05,0.0062026803395049835,51.362236628849274,49.0,31.60518032219503,1,169
2022352,2022-12-18,2022,12,1,0.0003395970096277684,0.00022477986187010584,0.0003508349355966104,6.677707623479695e-05,0.004138751965430195,48.08366711170449,46.0,30.30405383677479,1,154
2022359,2022-12-25,2022,12,1,0.000334965228935944,0.00019642076583367357,0.00036325817854803127,6.677707623479695e-05,0.0022256014725742872,45.707996406109615,41.0,31.76845275026059,1,131
2023001,2023-01-01,2023,1,1,0.0004232229702042216,0.00022785254996299172,0.0004665657082960464,6.677707623479695e-05,0.0024131782368785257,51.67901234567901,46.5,35.28554670728437,1,134
2023008,2023-01-08,2023,1,1,0.00035052104536884807,0.00022477986187010584,0.0003432463311810591,6.677707623479695e-05,0.0032467092624460787,48.73352601156069,46.0,31.20637522705807,1,145
2023015,2023-01-15,2023,1,1,0.0003484753991277891,0.00021297537911518986,0.00037189524142405687,6.677707623479695e-05,0.003817046054913863,47.56749555950267,44.0,31.743901532287165,1,151
2023022,2023-01-22,2023,1,1,0.0002785338504904462,0.0001861055822416004,0.00027061994600657916,6.677707623479695e-05,0.0029943419864698214,41.6012909632572,39.0,28.96380678703288,1,142
2023029,2023-01-29,2023,1,1,0.0002698574583686779,0.00017163956294706596,0.00027866851414353226,6.677707623479695e-05,0.004028611610130368,40.51036699149907,36.0,28.295760431509017,1,153
2023036,2023-02-05,2023,2,1,0.0004189291327518583,0.00025723342482601144,0.0004588096897834229,6.677707623479695e-05,0.004138751965430195,53.380469245402665,51.0,33.250130217039285,1,154
2023043,2023-02-12,2023,2,1,0.0003764944948239216,0.0002437246189121554,0.0004025829643151012,6.677707623479695e-05,0.004610259803284842,50.901595744680854,49.0,31.33764980540084,1,158
2023050,2023-02-19,2023,2,1,0.00036872981217625327,0.00023723862594941727,0.00035301208704964184,6.677707623479695e-05,0.003715466928598598,50.41443447508023,48.0,31.776341830062325,1,150
2023057,2023-02-26,2023,2,1,0.0003076874853345817,0.00020179081761101134,0.0003103511774929189,6.677707623479695e-05,0.0035203464008066207,44.62294197031039,42.0,29.767920355694574,1,148
2023064,2023-03-05,2023,3,2,0.00037697400134635984,0.00023723862594941727,0.00039132268060969105,6.677707623479695e-05,0.0067254508006298515,50.543279986233,48.0,32.06723669246001,1,172
2023071,2023-03-12,2023,3,2,0.00038491204908034076,0.0002538106803559424,0.0003984015778998969,6.677707623479695e-05,0.007696466794452358,51.94392413954577,50.5,31.59609615015158,1,177
2023078,2023-03-19,2023,3,2,0.000318357748866699,0.00021879802626908177,0.0002830967387336168,6.677707623479695e-05,0.004487571694164119,47.01760647156793,45.0,29.25038302177796,1,157
2023085,2023-03-26,2023,3,2,0.00034215257223473315,0.00022477986187010584,0.00034909036503368604,6.677707623479695e-05,0.004028611610130368,47.95488571713744,46.0,30.805151223209947,1,153
2023092,2023-04-02,2023,4,2,0.0004944732992136631,0.00034608390305791557,0.00045475090504495995,6.677707623479695e-05,0.0047363021478686205,61.038943512627725,62.0,33.1912572700879,1,159
2023099,2023-04-09,2023,4,2,0.0005814246887428184,0.0004124410589632548,0.0005470468048142361,6.677707623479695e-05,0.003715466928598598,65.77830188679245,68.5,34.95081315953375,1,150
2023106,2023-04-16,2023,4,2,0.00041937013176842095,0.0002789134129525243,0.0003981535625276809,6.677707623479695e-05,0.004251903506478243,54.84205057152754,54.0,32.6827386336154,1,155
2023113,2023-04-23,2023,4,2,0.0004138983381151663,0.000207307684089783,0.0005859867041240767,6.677707623479695e-05,0.007098219091147282,49.088107847857486,43.0,35.12780761340689,1,174
2023120,2023-04-30,2023,4,2,0.0005212395693935845,0.0003279090477509843,0.0005724410436880028,6.677707623479695e-05,0.005876941937084154,60.556825396825396,60.0,35.048561903581664,1,167
2023127,2023-05-07,2023,5,2,0.001737333871258795,0.001180885780857227,0.0016984080800598953,6.677707623479695e-05,0.008345135640006504,101.88557213930348,107.5,42.17461735511973,1,180
2023134,2023-05-14,2023,5,2,0.0010981730492450497,0.0006181187152562517,0.0012361836041396691,6.677707623479695e-05,0.008123055116193332,81.85064935064935,83.5,43.60831900671397,1,179
2023141,2023-05-21,2023,5,2,0.0005182677268126491,0.0002943726110391355,0.0008447041591068059,6.677707623479695e-05,0.01824481230988928,57.697197898423816,56.0,35.27380877993612,1,209
2023148,2023-05-28,2023,5,2,0.003447792552668045,0.003381067905644723,0.0024903358795167908,7.047829676137728e-05,0.011849919498210883,130.06455142231948,146.5,44.038788247555146,3,193
2023155,2023-06-04,2023,6,3,0.006640632988146896,0.008345135640006504,0.003782467482192223,6.677707623479695e-05,0.01594297628170528,156.04072647220693,180.0,45.51319902806581,1,204
2023162,2023-06-11,2023,6,3,0.00706195568883317,0.008123055116193332,0.003272132583602628,6.677707623479695e-05,0.017286672330235658,162.77799867461894,179.0,39.913878706829,1,207
2023169,2023-06-18,2023,6,3,0.005169442122341,0.005275885965362675,0.0024434220981478984,6.677707623479695e-05,0.011849919498210883,153.36423841059602,163.0,34.10035509782069,1,193
2023176,2023-06-25,2023,6,3,0.003114347238516016,0.002479153400069546,0.0024734697790115283,6.677707623479695e-05,0.012506719222878195,126.83034111310593,135.0,41.276891941153984,1,195
2023183,2023-07-02,2023,7,3,0.00399618329281612,0.0011649610361989483,0.004975956091142841,6.677707623479695e-05,0.02661554723433558,114.76498894524646,107.0,59.360670564889936,1,223
2023190,2023-07-09,2023,7,3,0.0065344395214935415,0.004251903506478243,0.0062273368074501016,6.677707623479695e-05,0.03678776469917318,141.74945705824285,155.0,57.62080328814377,1,235
2023197,2023-07-16,2023,7,3,0.008440465999414877,0.006909321476787905,0.00728647472275394,6.677707623479695e-05,0.05366602146220756,160.54545454545453,173.0,47.759891935192655,1,249
2023204,2023-07-23,2023,7,3,0.006305981837660534,0.005135484230830132,0.004535109911668147,6.677707623479695e-05,0.025907255011613735,157.0481723237598,162.0,36.30978768924695,1,222
2023211,2023-07-30,2023,7,3,0.006295470686327627,0.005420126217583866,0.004821720886481294,6.677707623479695e-05,0.04097881541632086,154.6914585191793,164.0,40.23077560983489,1,239
2023218,2023-08-06,2023,8,3,0.005909986457182002,0.005135484230830132,0.004370552517869843,6.677707623479695e-05,0.02661554723433558,152.77181400688863,162.0,39.457038669119584,1,223
2023225,2023-08-13,2023,8,3,0.005374027353009385,0.004610259803284842,0.004341830820438898,6.677707623479695e-05,0.024546716116058534,144.86466403162055,158.0,46.314897683323984,1,220
2023232,2023-08-20,2023,8,3,0.003617257227453004,0.0027615912627732323,0.003001743903658791,6.677707623479695e-05,0.017759281858445344,130.04798464491364,139.0,45.4445265256431,1,208
2023239,2023-08-27,2023,8,3,0.0034868534391109497,0.0027615912627732323,0.002928299193993629,6.677707623479695e-05,0.016378849789041684,125.62080341548612,139.0,49.65515283786966,1,205
2023246,2023-09-03,2023,9,4,0.001966952665411551,0.0012295307649586363,0.0018390238523357189,6.677707623479695e-05,0.010079323864733893,104.88370809766865,109.0,45.19578195856286,1,187
2023253,2023-09-10,2023,9,4,0.002340244565680652,0.0012295307649586363,0.002802480535326179,6.677707623479695e-05,0.012173890749379723,102.20814002530578,109.0,52.98901624524828,1,194
2023260,2023-09-17,2023,9,4,0.002503215758093507,0.0010458162845362108,0.0031126649113886805,6.677707623479695e-05,0.013199923066441688,99.37189582071471,103.0,57.144294688841946,1,197
2023267,2023-09-24,2023,9,4,0.0018735298275104613,0.000865879384977252,0.002346048904938647,6.677707623479695e-05,0.019256058648191517,94.69066191219078,96.0,50.56296980473466,1,211
2023274,2023-10-01,2023,10,4,0.0023311368471323397,0.0009138720605168643,0.0029375369822305587,6.677707623479695e-05,0.01594297628170528,97.52357161158083,98.0,56.14170009653127,1,204
2023281,2023-10-08,2023,10,4,0.0032256905094834383,0.00041800300124171275,0.004498006554868108,6.677707623479695e-05,0.014312430803509307,90.1328691615898,69.0,68.93036463366717,1,200
2023288,2023-10-15,2023,10,4,0.002586491111980095,0.0007169013529571055,0.0031867211578819727,6.677707623479695e-05,0.010928823193440932,94.02357563850687,89.0,63.180934509127326,1,190
2023295,2023-10-22,2023,10,4,0.002257901207386765,0.0004848929761619928,0.0031517577207033193,6.677707623479695e-05,0.01551870222835037,86.54885993485343,74.5,61.962884685146896,1,203
2023302,2023-10-29,2023,10,4,0.0007005647453504453,0.00023723862594941727,0.0014549227883107851,6.677707623479695e-05,0.009295856266680787,55.29978354978355,48.0,42.511635279677066,1,184
2023309,2023-11-05,2023,11,4,0.0005587118517281334,0.00022477986187010584,0.0008513970664060177,6.677707623479695e-05,0.006372258716007311,54.95778894472362,46.0,39.66196648000428,1,170
2023316,2023-11-12,2023,11,4,0.0003391904366427965,0.000207307684089783,0.0003827625092798173,6.677707623479695e-05,0.004610259803284842,46.790574178559574,43.0,31.034005161617173,1,158
2023323,2023-11-19,2023,11,4,0.0003571307725170105,0.00022477986187010584,0.0003676134344983321,6.677707623479695e-05,0.003817046054913863,48.92336385215327,46.0,31.476251120731053,1,151
2023330,2023-11-26,2023,11,4,0.00029330908420638634,0.00018115294552343463,0.0003427877423308729,6.677707623479695e-05,0.007906884593269861,42.25899760063983,38.0,29.491513511344415,1,178
2023337,2023-12-03,2023,12,1,0.00032754901974144785,0.00017633210823958287,0.00035407609069827375,6.677707623479695e-05,0.002348958802944899,44.36923076923077,37.0,32.54774917457981,1,133
2023344,2023-12-10,2023,12,1,0.00032492581775519494,0.00021879802626908177,0.0003045688711732013,6.677707623479695e-05,0.0030762058944845926,47.12616056799563,45.0,29.802846228413642,1,143
2023351,2023-12-17,2023,12,1,0.00035195138067833665,0.00022785254996299172,0.00036516918639190233,6.677707623479695e-05,0.003616591023243861,49.011792452830186,46.5,30.631082672963597,1,149
2023358,2023-12-24,2023,12,1,0.0006008145401663036,0.0003752523321380315,0.000663640094843317,6.677707623479695e-05,0.004138751965430195,61.7319587628866,65.0,40.139580040827155,1,154
2023365,2023-12-31,2023,12,1,0.0004534796213378132,0.0003065546394922351,0.0004368959447258219,6.677707623479695e-05,0.005568309930770164,57.52709190672154,57.5,33.126782167237636,1,165
